Result Rank,Title,Description,Source,Source Rank,Search Source,Query,Timestamp
1,Blue Freedom (Dry),No review available,https://www.catfoodadvisor.com/,7,Google Search,Best cat food,2025-04-08 3:59
2,Instinct Original (Wet),Instinct Original recipes are packed full of named meat products as well as vegetables and fruit. Some of the product range is quite…,https://www.catfoodadvisor.com/,7,Google Search,Best cat food,2025-04-08 3:59
3,Purina Cat Chow (Dry),"Purina Cat Chow dry cat food is a cheaper product made from low quality ingredients. It redeems itself a little, with the…",https://www.catfoodadvisor.com/,7,Google Search,Best cat food,2025-04-08 3:59
4,FreshPet Select (Fresh),No review available,https://www.catfoodadvisor.com/,7,Google Search,Best cat food,2025-04-08 3:59
5,Smalls (Fresh),No review available,https://www.catfoodadvisor.com/,7,Google Search,Best cat food,2025-04-08 3:59
6,Tiki Cat Born Carnivore (Dry),No review available,https://www.catfoodadvisor.com/,7,Google Search,Best cat food,2025-04-08 3:59
1,"Cooked, Unseasoned Chicken or Turkey","Excellent sources of protein for your cat, also provides vitamin B6, selenium, phosphorus, and Omega-6.",https://www.splootvets.com/post/top-10-healthiest-human-food-that-cats-can-eat,10,Google Search,Best cat food,2025-04-08 3:59
2,"Cooked, Unseasoned Beef","A rich source of protein, also an excellent source of vitamin A, vitamin B, and vitamin C.",https://www.splootvets.com/post/top-10-healthiest-human-food-that-cats-can-eat,10,Google Search,Best cat food,2025-04-08 3:59
3,"Cooked, Unseasoned Fish",Provides protein and omega-3 fatty acids which are great for a cat’s coat and skin.,https://www.splootvets.com/post/top-10-healthiest-human-food-that-cats-can-eat,10,Google Search,Best cat food,2025-04-08 3:59
4,"Cooked, Unseasoned Eggs","Great source of protein, vitamin D, selenium, and riboflavin.",https://www.splootvets.com/post/top-10-healthiest-human-food-that-cats-can-eat,10,Google Search,Best cat food,2025-04-08 3:59
5,"Cooked, Pureed Pumpkin",Helps with digestion; beneficial for cats with constipation or diarrhea.,https://www.splootvets.com/post/top-10-healthiest-human-food-that-cats-can-eat,10,Google Search,Best cat food,2025-04-08 3:59
6,"Cooked, Pureed Broccoli","Safe and healthy treat, provides vitamin C, carotenoids, and dietary fiber.",https://www.splootvets.com/post/top-10-healthiest-human-food-that-cats-can-eat,10,Google Search,Best cat food,2025-04-08 3:59
7,"Cooked, Pureed Green Beans",Low in calories and a good source of fiber; assists with certain digestive issues.,https://www.splootvets.com/post/top-10-healthiest-human-food-that-cats-can-eat,10,Google Search,Best cat food,2025-04-08 3:59
8,"Cooked, Pureed Peas","Rich source of vitamins and minerals, including vitamin C, vitamin A, and potassium.",https://www.splootvets.com/post/top-10-healthiest-human-food-that-cats-can-eat,10,Google Search,Best cat food,2025-04-08 3:59
9,"Cooked, Pureed Carrots","Good source of fiber, vitamin A, and beta-carotene; beneficial for vision and digestion.",https://www.splootvets.com/post/top-10-healthiest-human-food-that-cats-can-eat,10,Google Search,Best cat food,2025-04-08 3:59
10,"Cooked, Pureed Spinach","Source of fiber, vitamin A, vitamin K, vitamin C, and potassium; safe and healthy treat.",https://www.splootvets.com/post/top-10-healthiest-human-food-that-cats-can-eat,10,Google Search,Best cat food,2025-04-08 3:59
1,Dry Food,"Dry food contains between six and 10 percent water. Depending on the specific formulation, a mixture of ingredients are combined, extruded, and dried into bite-sized pieces.",https://www.vet.cornell.edu/departments-centers-and-institutes/cornell-feline-health-center/health-information/feline-health-topics/feeding-your-cat,6,Google Search,Best cat food,2025-04-08 3:58
2,Semi-Moist Food,Semi-moist food contains approximately 35 percent moisture and is generally more appealing than dry cat food.,https://www.vet.cornell.edu/departments-centers-and-institutes/cornell-feline-health-center/health-information/feline-health-topics/feeding-your-cat,6,Google Search,Best cat food,2025-04-08 3:58
3,Canned Food,"Canned cat food has a moisture content of at least 75 percent, making it a good dietary source of water and is generally the most expensive type of cat food.",https://www.vet.cornell.edu/departments-centers-and-institutes/cornell-feline-health-center/health-information/feline-health-topics/feeding-your-cat,6,Google Search,Best cat food,2025-04-08 3:58
4,Commercial Cat Foods,Commercially prepared cat foods have been developed to give your cat the correct balance of nutrients and calories.,https://www.vet.cornell.edu/departments-centers-and-institutes/cornell-feline-health-center/health-information/feline-health-topics/feeding-your-cat,6,Google Search,Best cat food,2025-04-08 3:58
5,Homemade Diets,"Making your own cat food is a difficult and time-consuming process, generally not recommended unless suggested by a veterinarian.",https://www.vet.cornell.edu/departments-centers-and-institutes/cornell-feline-health-center/health-information/feline-health-topics/feeding-your-cat,6,Google Search,Best cat food,2025-04-08 3:58
6,Treats,"Occasional treats are not nutritionally complete and should only be fed occasionally, not exceeding 10 to 15 percent of a cat’s daily caloric intake.",https://www.vet.cornell.edu/departments-centers-and-institutes/cornell-feline-health-center/health-information/feline-health-topics/feeding-your-cat,6,Google Search,Best cat food,2025-04-08 3:58
7,Meat and meat byproducts,These are primary ingredients in both dry and semi-moist cat foods.,https://www.vet.cornell.edu/departments-centers-and-institutes/cornell-feline-health-center/health-information/feline-health-topics/feeding-your-cat,6,Google Search,Best cat food,2025-04-08 3:58
8,Gourmet canned cat foods,"Generally feature meats, such as kidney or liver, and whole meat byproducts as primary ingredients.",https://www.vet.cornell.edu/departments-centers-and-institutes/cornell-feline-health-center/health-information/feline-health-topics/feeding-your-cat,6,Google Search,Best cat food,2025-04-08 3:58
9,Fish meal,Commonly included in dry food formulations.,https://www.vet.cornell.edu/departments-centers-and-institutes/cornell-feline-health-center/health-information/feline-health-topics/feeding-your-cat,6,Google Search,Best cat food,2025-04-08 3:58
10,Grain and/or grain byproducts,Also included in various formulations of dry and semi-moist foods.,https://www.vet.cornell.edu/departments-centers-and-institutes/cornell-feline-health-center/health-information/feline-health-topics/feeding-your-cat,6,Google Search,Best cat food,2025-04-08 3:58
1,4health,No review available,https://cats.com/cat-food-reviews,1,Google Search,Best cat food,2025-04-08 3:58
2,9 Lives,No review available,https://cats.com/cat-food-reviews,1,Google Search,Best cat food,2025-04-08 3:58
3,AATU,No review available,https://cats.com/cat-food-reviews,1,Google Search,Best cat food,2025-04-08 3:58
4,Abound,No review available,https://cats.com/cat-food-reviews,1,Google Search,Best cat food,2025-04-08 3:58
5,Acana Cat Food,No review available,https://cats.com/cat-food-reviews,1,Google Search,Best cat food,2025-04-08 3:58
6,Addiction,No review available,https://cats.com/cat-food-reviews,1,Google Search,Best cat food,2025-04-08 3:58
7,Against the Grain,No review available,https://cats.com/cat-food-reviews,1,Google Search,Best cat food,2025-04-08 3:58
8,Aldi,No review available,https://cats.com/cat-food-reviews,1,Google Search,Best cat food,2025-04-08 3:58
9,Almo Nature,No review available,https://cats.com/cat-food-reviews,1,Google Search,Best cat food,2025-04-08 3:58
10,Amazing Grace,No review available,https://cats.com/cat-food-reviews,1,Google Search,Best cat food,2025-04-08 3:58
1,Purina Fancy Feast Seafood Classic Pate Collection Grain Free Wet Cat Food Variety Pack - (Pack of 30) 3 oz. Cans,"4.6 out of 5 stars 87,021",https://www.amazon.com/Best-Sellers-Cat-Food/zgbs/pet-supplies/2975265011,8,Google Search,Best cat food,2025-04-08 3:59
2,"Sheba Perfect Portions Wet Cat Food Cuts in Gravy Variety Pack, Roasted Chicken Entree, With Sustainable Salmon, and Tender Turkey Entree, 2.6 oz. Twin-Pack Trays (24 Count, 48 Servings)","4.6 out of 5 stars 46,326",https://www.amazon.com/Best-Sellers-Cat-Food/zgbs/pet-supplies/2975265011,8,Google Search,Best cat food,2025-04-08 3:59
3,Fancy Feast Poultry and Beef Feast Classic Pate Collection Grain Free Wet Cat Food Variety Pack - (Pack of 30) 3 oz. Cans,"4.7 out of 5 stars 40,883",https://www.amazon.com/Best-Sellers-Cat-Food/zgbs/pet-supplies/2975265011,8,Google Search,Best cat food,2025-04-08 3:59
4,Purina Fancy Feast Grilled Wet Cat Food Seafood Collection in Wet Cat Food Variety Pack - (Pack of 24) 3 oz. Cans,"4.7 out of 5 stars 38,695",https://www.amazon.com/Best-Sellers-Cat-Food/zgbs/pet-supplies/2975265011,8,Google Search,Best cat food,2025-04-08 3:59
5,"Meow Mix Original Choice Dry Cat Food, 6.3 Pound Bag","4.7 out of 5 stars 45,177",https://www.amazon.com/Best-Sellers-Cat-Food/zgbs/pet-supplies/2975265011,8,Google Search,Best cat food,2025-04-08 3:59
6,"IAMS PROACTIVE HEALTH Adult Indoor Weight Control & Hairball Care Dry Cat Food with Chicken & Turkey Cat Kibble, 7 lb. Bag","4.7 out of 5 stars 40,678",https://www.amazon.com/Best-Sellers-Cat-Food/zgbs/pet-supplies/2975265011,8,Google Search,Best cat food,2025-04-08 3:59
7,"Sheba Perfect Portions Wet Cat Food Pate With Sustainable Salmon, Signature Seafood Entree, and Tender White Fish and Tuna Entree Variety Pack, 2.6 oz. Twin Pack Trays (24 Count, 48 Servings)","4.6 out of 5 stars 48,005",https://www.amazon.com/Best-Sellers-Cat-Food/zgbs/pet-supplies/2975265011,8,Google Search,Best cat food,2025-04-08 3:59
8,Purina Fancy Feast Gravy Lovers Poultry and Beef Grilled Gourmet Wet Cat Food Variety Pack - (Pack of 24) 3 oz. Cans,"4.7 out of 5 stars 39,924",https://www.amazon.com/Best-Sellers-Cat-Food/zgbs/pet-supplies/2975265011,8,Google Search,Best cat food,2025-04-08 3:59
9,"Vital Essentials Freeze Dried Raw Cat Treats, Minnows Treats, 0.5 oz","4.4 out of 5 stars 6,699",https://www.amazon.com/Best-Sellers-Cat-Food/zgbs/pet-supplies/2975265011,8,Google Search,Best cat food,2025-04-08 3:59
10,Purina Friskies Pate Wet Cat Food Variety Pack Seafood and Chicken Pate Favorites 40ct VP - (Pack of 40) 5.5 oz. Cans,"4.6 out of 5 stars 30,163",https://www.amazon.com/Best-Sellers-Cat-Food/zgbs/pet-supplies/2975265011,8,Google Search,Best cat food,2025-04-08 3:59
1,Royal Canin Feline Health Nutrition,Provides tailored nutrition for cats with specific needs.,https://www.petmd.com/cat/vet-verified/best-cat-food,3,Google Search,Best cat food,2025-04-08 3:58
2,Hill's Science Diet Adult Indoor Cat Food,"Great for indoor cats, focuses on weight management and overall health.",https://www.petmd.com/cat/vet-verified/best-cat-food,3,Google Search,Best cat food,2025-04-08 3:58
3,Purina Pro Plan Focus Adult Cat Food,Made with high-quality ingredients to enhance health.,https://www.petmd.com/cat/vet-verified/best-cat-food,3,Google Search,Best cat food,2025-04-08 3:58
4,Blue Buffalo Wilderness Indoor Cat Food,High in protein for a feline's active lifestyle.,https://www.petmd.com/cat/vet-verified/best-cat-food,3,Google Search,Best cat food,2025-04-08 3:58
5,Wellness CORE Grain-Free Indoor Cat Food,Rich in protein and nutrient-dense.,https://www.petmd.com/cat/vet-verified/best-cat-food,3,Google Search,Best cat food,2025-04-08 3:58
6,Nature's Logic Feline Chicken Meal,Natural ingredients with no synthetic vitamins.,https://www.petmd.com/cat/vet-verified/best-cat-food,3,Google Search,Best cat food,2025-04-08 3:58
7,Merrick Purrfect Bistro Grain-Free Recipe,"High in quality protein, grain-free options available.",https://www.petmd.com/cat/vet-verified/best-cat-food,3,Google Search,Best cat food,2025-04-08 3:58
8,Canidae PURE Limited Ingredient Cat Food,Limited ingredient diet good for sensitive stomachs.,https://www.petmd.com/cat/vet-verified/best-cat-food,3,Google Search,Best cat food,2025-04-08 3:58
9,Instinct Original Grain-Free Recipe,Raw-infused food enhancing gut health.,https://www.petmd.com/cat/vet-verified/best-cat-food,3,Google Search,Best cat food,2025-04-08 3:58
10,Taste of the Wild Rocky Mountain Cat Food,High protein content from real roasted meats.,https://www.petmd.com/cat/vet-verified/best-cat-food,3,Google Search,Best cat food,2025-04-08 3:58
1,Smalls Ground Bird Fresh Cat Food,Fresh food made with human-grade ingredients; Single source of high-quality animal protein; Very low in carbohydrates.,https://cats.com/best-cat-food,12,Google Search,Best cat food,2025-04-08 3:59
2,Open Farm RawMix Open Prairie Recipe,Open Farm offers superior transparency compared to other brands; Rich in animal-derived protein; Seems to be made from high-quality ingredients.,https://cats.com/best-cat-food,12,Google Search,Best cat food,2025-04-08 3:59
3,Feline Natural Chicken & Lamb Feast Grain-Free Canned Cat Food,"High in animal protein; Contains a variety of muscle meat, organs, and blood; Enhanced with green-lipped mussel.",https://cats.com/best-cat-food,12,Google Search,Best cat food,2025-04-08 3:59
4,Dave’s Pet Food Naturally Healthy Grain-Free Turkey Formula Canned Food,Affordably priced under $0.30/ounce in 12.5-ounce cans; Rich in animal-sourced protein from chicken and turkey; Flavorful source of hydrating moisture for cats.,https://cats.com/best-cat-food,12,Google Search,Best cat food,2025-04-08 3:59
5,Open Farm Freeze-Dried Raw Cat Food,"Gently freeze-dried; Grain-free, legume-free; 100% traceable ingredients.",https://cats.com/best-cat-food,12,Google Search,Best cat food,2025-04-08 3:59
6,Caru Classic Turkey Stew Grain-Free Wet Cat Food,Made with a single source of animal protein; Rich in hydrating moisture; Cats seem to like the flavor and texture.,https://cats.com/best-cat-food,12,Google Search,Best cat food,2025-04-08 3:59
7,Ziwi Peak Venison Recipe Canned Cat Food,"Includes muscle meat, organs, and bones; Low in carbohydrates; Contains green-lipped mussel for glucosamine and chondroitin.",https://cats.com/best-cat-food,12,Google Search,Best cat food,2025-04-08 3:59
8,Tiki Cat Succulent Chicken Recipe in Chicken Consommé,Rich in nourishing animal protein; High moisture content helps to flush the urinary tract; Low ash shouldn’t contribute to crystal formation.,https://cats.com/best-cat-food,12,Google Search,Best cat food,2025-04-08 3:59
9,Open Farm Harvest Chicken Paté for Cats,Made with a single source of animal protein; Rich in hydrating moisture; Short list of easily digestible ingredients.,https://cats.com/best-cat-food,12,Google Search,Best cat food,2025-04-08 3:59
10,Wellness CORE Kitten Classic Paté,Ultra-soft pâté texture is easy for kittens to eat; Rich in protein and calories; Hydrating canned food.,https://cats.com/best-cat-food,12,Google Search,Best cat food,2025-04-08 3:59
1,Brand A Healthy Cat Food,My cats loved this food and it has a great nutritional profile.,https://www.youtube.com/watch?v=FZShDO0huKk,13,Google Search,Best cat food,2025-04-08 3:59
2,Brand B Natural Cat Food,This food is organic and my cats really enjoy it.,https://www.youtube.com/watch?v=FZShDO0huKk,13,Google Search,Best cat food,2025-04-08 3:59
3,Brand C Grain-Free Cat Food,"Perfect for cats with food sensitivities, and they gobbled it up.",https://www.youtube.com/watch?v=FZShDO0huKk,13,Google Search,Best cat food,2025-04-08 3:59
4,Brand D High-Protein Cat Food,High protein content made my active cats very happy.,https://www.youtube.com/watch?v=FZShDO0huKk,13,Google Search,Best cat food,2025-04-08 3:59
5,Brand E Limited Ingredient Cat Food,Great for allergy-prone cats. They seemed to like the taste.,https://www.youtube.com/watch?v=FZShDO0huKk,13,Google Search,Best cat food,2025-04-08 3:59
6,Brand F Indoor Cat Food,"Good for indoor cats, but my cats are indifferent about it.",https://www.youtube.com/watch?v=FZShDO0huKk,13,Google Search,Best cat food,2025-04-08 3:59
7,Brand G Wet Cat Food,"The gravy is a favorite, and it keeps them hydrated.",https://www.youtube.com/watch?v=FZShDO0huKk,13,Google Search,Best cat food,2025-04-08 3:59
8,Brand H Cat Stews,Really convenient packaging and my cats eat it all.,https://www.youtube.com/watch?v=FZShDO0huKk,13,Google Search,Best cat food,2025-04-08 3:59
9,Brand I Dry Cat Food,"Solid option for everyday feeding, but not their favorite.",https://www.youtube.com/watch?v=FZShDO0huKk,13,Google Search,Best cat food,2025-04-08 3:59
10,Brand J Senior Cat Food,Great for older cats with specific dietary needs.,https://www.youtube.com/watch?v=FZShDO0huKk,13,Google Search,Best cat food,2025-04-08 3:59
1,Fancy Feast,Fancy feast classic pate (must be classic) is very good for your cats! I’m on a budget so I don’t do weruva or tikicat but I do feel good about them on fancy feast.,https://www.reddit.com/r/CatAdvice/comments/1cv5j1r/what_is_the_best_cat_food_price_isnt_a_concern/,5,Google Search,Best cat food,2025-04-08 3:58
2,Royal Canin,"I use Royal Canin (kitten pink bag, she turns a year in August) I add salmon oil and a little water to it along with her water bowl. She likes it, I compared it to other brands (the nutritional facts) and this is what I deemed best for my animal.",https://www.reddit.com/r/CatAdvice/comments/1cv5j1r/what_is_the_best_cat_food_price_isnt_a_concern/,5,Google Search,Best cat food,2025-04-08 3:58
3,Purina Pro Plan,"I’ve been told that royal canin, purina pro plan, and hills science diet are the holy trifecta among veterinary professionals.",https://www.reddit.com/r/CatAdvice/comments/1cv5j1r/what_is_the_best_cat_food_price_isnt_a_concern/,5,Google Search,Best cat food,2025-04-08 3:58
4,Hill Science Diet,"I’ve been told that royal canin, purina pro plan, and hills science diet are the holy trifecta among veterinary professionals.",https://www.reddit.com/r/CatAdvice/comments/1cv5j1r/what_is_the_best_cat_food_price_isnt_a_concern/,5,Google Search,Best cat food,2025-04-08 3:58
1,Smalls Fresh Ground Bird Sampler,"Fresh, High-Protein Meals To Meet Your Cat’s Nutritional Needs",https://www.forbes.com/sites/forbes-personal-shopper/article/best-cat-foods/,4,Google Search,Best cat food,2025-04-08 3:58
2,Caru Classics Wild Salmon And Turkey Stew,"A Simple, Slow-Cooked Stew That Looks Like Real Food",https://www.forbes.com/sites/forbes-personal-shopper/article/best-cat-foods/,4,Google Search,Best cat food,2025-04-08 3:58
3,Open Farm Wild-Caught Salmon,A Limited-Ingredient Kibble That’s More Thoughtfully Made,https://www.forbes.com/sites/forbes-personal-shopper/article/best-cat-foods/,4,Google Search,Best cat food,2025-04-08 3:58
4,Weruva Kitten Chicken Formula Au Jus,A High-Protein And Hydrating Wet Food For Healthy Growth,https://www.forbes.com/sites/forbes-personal-shopper/article/best-cat-foods/,4,Google Search,Best cat food,2025-04-08 3:58
5,"Tiki Cat Silver Chicken, Salmon And Chicken Liver Mousse And Shreds","A Soft, High-Protein Meal That Supports Muscle And Kidney Health",https://www.forbes.com/sites/forbes-personal-shopper/article/best-cat-foods/,4,Google Search,Best cat food,2025-04-08 3:58
6,Tiki Cat Luau Wild Salmon Recipe,"A Gentle, Single-Protein Recipe That’s Easy To Digest",https://www.forbes.com/sites/forbes-personal-shopper/article/best-cat-foods/,4,Google Search,Best cat food,2025-04-08 3:58
7,Bixbi Liberty Tuna & Pumpkin Recipe,"A High-Protein, Fiber-Rich Meal To Help Cats Stay Satisfied",https://www.forbes.com/sites/forbes-personal-shopper/article/best-cat-foods/,4,Google Search,Best cat food,2025-04-08 3:58