Product Title,Search Source,Title,Description,Brand,Retailer,Source,Comments,Timestamp
Baking Ingredients,Perplexity,King Arthur Flour  ,"A high-quality all-purpose flour known for its sturdiness, providing cookies and baked goods with a thick, well-structured texture.  ",King Arthur  ,Major grocery stores and specialty baking supply shops  ,https://www.trufflesandtrends.com/home/2016/6/10/12-of-my-favorite-baking-products-and-brands,Praised by home bakers for its consistent performance and ability to produce reliable texture and rise in recipes.,2025-03-27 17:37:36
Baking Ingredients,Perplexity,Spectrum Refined Coconut oil  ,"A refined coconut oil offering a neutral taste, ideal for baking recipes where coconut flavor is not desired.  ",Spectrum  ,Widely available in supermarkets and online retail platforms  ,https://www.trufflesandtrends.com/home/2016/6/10/12-of-my-favorite-baking-products-and-brands,Highly regarded for its versatility and ability to provide richness without altering the flavor profile of baked goods.,2025-03-27 17:37:36
Baking Ingredients,Perplexity,Libby's 100% Pure Pumpkin  ,"A premium pumpkin puree known for its rich, authentic flavor, perfect for pies, muffins, and seasonal treats.  ",Libby's  ,Common in grocery stores and widely distributed in food aisles  ,https://www.trufflesandtrends.com/home/2016/6/10/12-of-my-favorite-baking-products-and-brands,"Considered a top choice among bakers for its taste and quality, making it an essential ingredient for fall recipes.",2025-03-27 17:37:36
Baking Ingredients,Perplexity,Quaker Oats  ,"Reliable rolled oats that add texture and nutritional value to a variety of baked items, from cookies to breads.  ",Quaker  ,Available in most supermarkets and grocery chains  ,https://www.trufflesandtrends.com/home/2016/6/10/12-of-my-favorite-baking-products-and-brands,"Cherished for their quality and affordability, these oats offer consistency in both taste and texture in recipes.",2025-03-27 17:37:36
Baking Ingredients,Perplexity,Enjoy Life Dark Chocolate Morsels  ,"Dairy-free chocolate morsels with a high cacao content (69%), delivering an intense and rich chocolate flavor to baked treats.  ",Enjoy Life  ,Health food stores and major online retailers  ,https://www.trufflesandtrends.com/home/2016/6/10/12-of-my-favorite-baking-products-and-brands,"Ideal for conscious bakers looking for a robust chocolate profile without dairy, perfect for allergy-friendly recipes.",2025-03-27 17:37:36
Baking Ingredients,Perplexity,Golden Blossom Honey  ,"A premium honey that enhances the sweetness and depth of flavor in baked goods, from cakes to cookies.  ",Golden Blossom  ,Supermarkets and specialty food retailers  ,https://www.trufflesandtrends.com/home/2016/6/10/12-of-my-favorite-baking-products-and-brands,"Valued for its superior taste, this honey helps elevate recipes with natural sweetness and complexity.",2025-03-27 17:37:36
Baking Ingredients,Perplexity,Red Star Yeast  ,"A high-performance yeast that ensures a quick and consistent rise in dough, essential for achieving the perfect bake.  ",Red Star  ,"Widely available at bakeries, grocery stores, and online outlets  ",https://www.trufflesandtrends.com/home/2016/6/10/12-of-my-favorite-baking-products-and-brands,Favored by both amateur and professional bakers for its reliability and efficient fermentation process.,2025-03-27 17:37:36
Baking Ingredients,Perplexity,Bob's Red Mill Coconut Sugar  ,"A natural coconut sugar with a fine, powdery texture, ideal for creating smooth textures in a variety of baked recipes.  ",Bob's Red Mill  ,"Health food stores, specialty markets, and major online retailers  ",https://www.trufflesandtrends.com/home/2016/6/10/12-of-my-favorite-baking-products-and-brands,"Well-regarded for its quality and subtle flavor, though it may require a quick pulse in a food processor to avoid clumping.",2025-03-27 17:37:36
Baking Ingredients,Perplexity,Domino Brown Sugar  ,"A versatile brown sugar known for its excellent color, rich molasses flavor, and consistent texture for baking.  ",Domino  ,Available at most grocery chains and supermarkets  ,https://www.trufflesandtrends.com/home/2016/6/10/12-of-my-favorite-baking-products-and-brands,The preferred choice as it imparts a balanced sweetness and moisture essential for classic baked goods.,2025-03-27 17:37:36
Baking Ingredients,Perplexity,Bob's Red Mill Gluten Free Rolled Oats  ,Gluten-free rolled oats that maintain the familiar taste and texture of traditional oats while ensuring no gluten contamination.  ,Bob's Red Mill  ,"Health food stores, specialty retailers, and online markets  ",https://www.trufflesandtrends.com/home/2016/6/10/12-of-my-favorite-baking-products-and-brands,An excellent option for gluten-sensitive diets without compromising on the quality or flavor in baking recipes.,2025-03-27 17:37:36
Instant Coffee,Perplexity,Sightglass Instant La Magdalena Tolima  ,"A warm, dessert-like instant coffee delivering a cup with prominent dark chocolate notes when served black and a toffee-like goat’s milk caramel flavor when milk is added.  ",Sightglass  ,Sightglass Coffee  ,https://www.nytimes.com/wirecutter/reviews/best-instant-coffee/,"Touted for tasting remarkably like freshly brewed coffee, it’s a premium option best enjoyed hot despite its higher cost per serving.",2025-03-27 17:42:13
Instant Coffee,Perplexity,Canyon Instant Coffee  ,"A medium roast instant coffee known for its nuanced, fresh-tasting profile with hints of chocolate, cherry, and a touch of acidity that evolves over the cup.  ",Canyon Coffee  ,Canyon Coffee website  ,https://www.nytimes.com/wirecutter/reviews/best-instant-coffee/,"Praised for its resemblance to freshly brewed coffee, though its slightly sour finish may intensify with time.",2025-03-27 17:42:13
Instant Coffee,Perplexity,Verve Coffee Roasters Streetlevel Craft Instant Coffee  ,"A mild, malty instant coffee that offers a balanced cup with subtle roasted notes and a gentle hint of citrus or berry when adjusting the water ratio.  ",Verve Coffee Roasters  ,Amazon  ,https://www.nytimes.com/wirecutter/reviews/best-instant-coffee/,Delivers a clean profile with minor acidity; optimal flavor is achieved by reducing the recommended water slightly.,2025-03-27 17:42:13
Instant Coffee,Perplexity,Mount Hagen Organic Single Serve Instant Coffee  ,"A straightforward, generic instant coffee with a decent body that warms up into a lingering, diner-style flavor, available in both single-serve packets and a jar option.  ",Mount Hagen  ,Amazon  ,https://www.nytimes.com/wirecutter/reviews/best-instant-coffee/,"Offers excellent value and convenience, though its flavor is more subtle compared to specialty instant coffees.",2025-03-27 17:42:13
Instant Coffee,Perplexity,Blue Bottle Craft Instant Espresso  ,"A robust instant espresso that boasts a smooth, rich bitterness and notes of blackberry, making it a refined choice for both hot and iced coffee preparations.  ",Blue Bottle Coffee  ,Blue Bottle Coffee  ,https://www.nytimes.com/wirecutter/reviews/best-instant-coffee/,"Captures the essence of a classic espresso with versatility in use, despite a faint metallic hint common in iced versions.",2025-03-27 17:42:13
Instant Coffee,Perplexity,Swift Coffee Mainstay  ,"A bold and intense instant coffee with jammy, tart blackberry notes and deep roasty flavors, yielding a strong cup even in a larger volume preparation.  ",Swift Coffee  ,Swift Coffee  ,https://www.nytimes.com/wirecutter/reviews/best-instant-coffee/,"Recognized for its authentic coffee character, it offers a powerful flavor experience without overwhelming bitterness.",2025-03-27 17:42:13
Instant Coffee,Perplexity,Starbucks VIA Instant Coffee in Pike Place Roast  ,"A vibrant, well-balanced instant coffee that mirrors the signature Pike Place Roast, delivering a familiar and satisfying flavor with a convenient preparation method.  ",Starbucks  ,Widely available (notably featured on Allrecipes)  ,https://www.allrecipes.com/longform/best-instant-coffee/,"A crowd-pleaser among instant coffee users, combining accessibility with the reliability of a renowned roastery.",2025-03-27 17:42:13
Instant Coffee,Perplexity,Café Grumpy Heartbreaker Blend Instant Coffee  ,"A perfectly balanced instant coffee blend that simulates the nuanced flavors of a freshly brewed cup from a specialty café, with rich aromatic notes.  ",Café Grumpy  ,As featured by Bon Appétit  ,https://www.bonappetit.com/story/best-instant-coffee?srsltid=AfmBOor9JbOUTIKn-p1Ao9xxZFBdw_Cc-M_RkkJAFEtrjOTgLN2onpDL,"Celebrated for delivering a true coffee shop experience in an instant format, ideal for those seeking quality on the go.",2025-03-27 17:42:13
Instant Coffee,Perplexity,Café Grumpy Decaf Costa Rica Instant Coffee  ,"An exceptional decaf instant coffee that defies expectations with a rich, balanced flavor profile and an inviting aroma, making decaf a joy to sip.  ",Café Grumpy  ,As featured by Bon Appétit  ,https://www.bonappetit.com/story/best-instant-coffee?srsltid=AfmBOor9JbOUTIKn-p1Ao9xxZFBdw_Cc-M_RkkJAFEtrjOTgLN2onpDL,"Highly regarded for its superior taste despite being decaffeinated, providing a robust option for decaf enthusiasts.",2025-03-27 17:42:13
Instant Coffee,Perplexity,Intelligentsia Instant Coffee House Blend  ,"A well-balanced, nicely rounded instant coffee that delivers a robust and fresh flavor profile, suitable for daily consumption with a premium twist.  ",Intelligentsia  ,Available on Amazon and select specialty retailers  ,https://www.seriouseats.com/best-instant-coffee-7506045,"Often highlighted as a top overall pick, it elevates instant coffee to specialty status with its refined flavor and consistency.",2025-03-27 17:42:13
Dog Food,Perplexity,The Farmer’s Dog Fresh Dog Food  ,"Fresh, human-grade dog food delivered daily with carefully balanced ingredients designed to meet your pet’s nutritional needs.  ",The Farmer’s Dog  ,Direct subscription via The Farmer’s Dog website or available on major pet food sites  ,https://www.dogfoodadvisor.com/,"Highly praised for its transparency, high-quality ingredients, and personalized meal plans that adapt as your dog’s needs change.",2025-03-27 17:38:40
Dog Food,Perplexity,Ollie Fresh Dog Food  ,Freshly prepared meals crafted from whole foods and tailored to your dog’s specific dietary requirements for optimal health.  ,Ollie  ,Available online through Ollie’s subscription service  ,https://www.dogfoodadvisor.com/,"Renowned for its convenience and noticeable improvements in dogs’ coat, energy, and overall vitality shortly after switching.",2025-03-27 17:38:40
Dog Food,Perplexity,Nom Nom Fresh Dog Food  ,"Pre-portioned, fresh meals made with high-quality, human-grade ingredients to provide balanced, nutrient-rich diets for dogs.  ",Nom Nom  ,Distributed through Nom Nom’s direct-to-consumer subscription service  ,https://www.dogfoodadvisor.com/,"A top choice among pet parents for its ease of use, consistent quality, and customized meal planning based on your dog’s age and size.",2025-03-27 17:38:40
Dog Food,Perplexity,Blue Buffalo Wilderness Dry Dog Food  ,"High-protein, grain-free kibble made with quality deboned meat and natural ingredients to support active dogs.  ",Blue Buffalo  ,Found at major online retailers and specialty pet stores  ,https://www.thesprucepets.com/best-dog-food-brands-4843452,Loved for its robust flavor profile and nutrient-dense formula that fuels dogs’ energy and complements an active lifestyle.,2025-03-27 17:38:40
Dog Food,Perplexity,Hill's Science Diet Dry Dog Food  ,Veterinarian-recommended dry food offering scientifically balanced nutrition that supports overall health and longevity.  ,Hill's Science Diet  ,Available at large retail chains and online marketplaces such as Amazon  ,https://www.petmd.com/dog/vet-verified/best-dog-food,"Trusted by experts for its reliable, evidence-based recipe that meets the stringent dietary needs of adult dogs.",2025-03-27 17:38:40
Dog Food,Perplexity,Royal Canin Dry Dog Food  ,"Carefully formulated to meet the unique dietary requirements of various breeds and sizes, offering precise nutritional support.  ",Royal Canin  ,Accessible via specialty pet stores and online platforms  ,https://www.nbcnews.com/select/shopping/best-dog-food-ncna1189551,"Renowned for its breed-specific and condition-specific formulas, making it a favorite among veterinary professionals.",2025-03-27 17:38:40
Dog Food,Perplexity,Orijen Original Dry Dog Food  ,"Biologically appropriate kibble made with fresh, regionally sourced ingredients that mimic a natural, ancestral canine diet.  ",Orijen  ,Purchase from pet specialty stores and leading online pet food retailers  ,https://www.quora.com/What-are-the-top-10-dog-food-brands,"Recognized for its high protein content, nutrient diversity, and commitment to quality with minimal use of fillers and artificial additives.",2025-03-27 17:38:40
Dog Food,Perplexity,Acana Classics Dry Dog Food  ,Nutrient-rich dry dog food featuring whole prey animal ingredients and a range of fresh regional produce for balanced nutrition.  ,Acana  ,Available online via trusted pet supply retailers  ,https://www.quora.com/What-are-the-top-10-dog-food-brands,Celebrated for its natural ingredients and balanced formulation that supports lean muscle growth and overall wellness.,2025-03-27 17:38:40
Dog Food,Perplexity,Wellness CORE Grain-Free Dry Dog Food  ,"Advanced, high-protein kibble free of grains and fillers, formulated to support robust energy levels and overall health.  ",Wellness  ,Commonly available through online pet food outlets and specialty stores  ,https://www.nbcnews.com/select/shopping/best-dog-food-ncna1189551,"Praised for its premium ingredients and formula that enhances skin and coat health, making it suitable for active and energetic dogs.",2025-03-27 17:38:40
Dog Food,Perplexity,Merrick Grain-Free Dry Dog Food  ,"High-quality kibble crafted with real deboned meat, fruits, and vegetables, offering a grain-free option that supports peak health.  ",Merrick  ,Available at major retailers like Chewy and Amazon  ,https://www.thesprucepets.com/best-dog-food-brands-4843452,"Valued for its delicious taste and high nutritional profile, this product is a popular choice among pet owners looking for a wholesome diet.",2025-03-27 17:38:40
Cat Food,Perplexity,Smalls Ground Bird Fresh Cat Food  ,"Fresh cat food made with human-grade ingredients featuring premium proteins (chicken and chicken liver), minimal carbohydrates, and hydrating moisture. Requires thawing before serving and is available through a subscription model.  ",Smalls  ,Smalls official website  ,https://cats.com/best-cat-food,"Rated overall best for its nutrient balance and quality ingredients, ideal for cats of all life stages though subscription-only availability may be a consideration.",2025-03-27 17:39:15
Cat Food,Perplexity,Open Farm RawMix Open Prairie Recipe  ,A dry cat food known for its high animal protein content and transparency in ingredient sourcing. This grain-free formula offers a species-appropriate diet with detailed origin tracking.  ,Open Farm  ,Open Farm online store and select retailers  ,https://cats.com/best-cat-food,Recognized as the best dry food option for its ethical sourcing and nutrient-dense formulation suitable for all life stages.,2025-03-27 17:39:15
Cat Food,Perplexity,Feline Natural Chicken & Lamb Feast Grain-Free Canned Cat Food  ,"A premium canned cat food made with a combination of muscle meat, organs, and blood, enhanced with green-lipped mussel for additional nutrients. The grain-free formula is designed for optimal feline health.  ",Feline Natural  ,Available through online pet food retailers  ,https://cats.com/best-cat-food,"Praised for its high-quality, diverse protein sources and balanced nutritional profile, making it an excellent choice for nutrition-conscious pet owners.",2025-03-27 17:39:15
Cat Food,Perplexity,Dave’s Pet Food Naturally Healthy Grain-Free Turkey Formula Canned Food  ,A budget-friendly canned option that delivers quality protein from chicken and turkey along with ample hydrating moisture in a grain-free formula.  ,Dave’s Pet Food  ,Available through online pet stores  ,https://cats.com/best-cat-food,"Valued for its affordability and nutritional benefits, offering a cost-effective feeding solution without compromising on quality.",2025-03-27 17:39:15
Cat Food,Perplexity,Open Farm Freeze-Dried Raw Cat Food  ,A freeze-dried raw cat food featuring a grain-free recipe with 100% traceable ingredients. This product retains natural enzymes and nutrients through gentle processing.  ,Open Farm  ,Open Farm online store  ,https://cats.com/best-cat-food,Ideal for pet owners seeking minimally processed food options with complete transparency in sourcing and production.,2025-03-27 17:39:15
Cat Food,Perplexity,Caru Classic Turkey Stew  ,"A wet, grain-free stew made with a single source of animal protein, offering high moisture content that aids in hydration and nutrient retention via a slow-cooking process.  ",Caru Classic  ,"Major online pet retailers (e.g., Chewy)  ",https://cats.com/best-cat-food,"A top recommendation for picky eaters due to its appealing texture and flavor, while preserving essential nutrients through its unique cooking method.",2025-03-27 17:39:15
Cat Food,Perplexity,Ziwi Peak Venison Recipe Canned Cat Food  ,"A novel protein canned cat food formulated with venison, muscle meat, organs, and bones, low in carbohydrates and enhanced with green-lipped mussel for joint support.  ",Ziwi Peak  ,Available on select online pet food platforms  ,https://cats.com/best-cat-food,"Favored for its alternative protein source and nutrient-rich profile, making it suitable for cats with dietary sensitivities or allergies.",2025-03-27 17:39:15
Cat Food,Perplexity,Tiki Cat Succulent Chicken Recipe in Chicken Consommé  ,"A wet cat food with high moisture content and a focus on succulent chicken as the primary protein source, designed with low ash to support urinary health and weight management.  ",Tiki Cat  ,Available through online retailers such as Amazon  ,https://cats.com/best-cat-food,"Recommended for weight management and overall hydration, ensuring nutritional support while maintaining a low-calorie profile.",2025-03-27 17:39:15
Cat Food,Perplexity,Weruva Truluxe Steak Frites  ,"A nutrient-dense wet cat food that features grass-fed beef and a blend of essential vitamins, minerals, and taurine, specially formulated to meet the needs of senior cats.  ",Weruva  ,Available on online pet food platforms  ,https://cats.com/best-cat-food,"Considered the best for seniors due to its balanced nutrition targeted at maintaining heart health, vision, and overall vitality in older cats.",2025-03-27 17:39:15
Cat Food,Perplexity,Wellness CORE Kitten Classic Paté  ,"An ultra-soft pâté crafted for kittens, enriched with high-quality protein and calories along with a moisture-rich formula that ensures easy consumption during early growth stages.  ",Wellness CORE  ,Available through major online pet retailers  ,https://cats.com/best-cat-food,"Ideal for young cats with its smooth texture and nutrient-packed formulation, supporting healthy growth and development in a balanced diet.",2025-03-27 17:39:15
Cat Litter,Perplexity,World's Best Cat Litter  ,"An all‐natural alternative to traditional clay litter made from whole-kernel corn. It clumps quickly to lock in odors, is free from artificial fragrances, and its granule size helps reduce tracking—making it especially compatible with automatic self‐cleaning litter boxes.  ",World’s Best  ,Chewy  ,https://cats.com/best-cat-litter,"While its clumping action and eco-friendly formulation are highly appreciated, some users note that the litter’s odor when wet can be off-putting and may require adjustments in automatic systems for optimal clump hardening.  ",2025-03-27 17:39:55
Cat Litter,Perplexity,tuft+paw Really Great Cat Litter  ,"Crafted from a soybean byproduct, this litter features small, oblong pellets that form easy-to-scoop clumps. Its biodegradable composition results in low tracking and makes it flushable—suiting environmentally conscious households.  ",tuft+paw  ,Chewy  ,https://cats.com/best-cat-litter,"Ideal for pet owners seeking low tracking and a lightweight litter option. Its environmentally friendly nature stands out, though being flushable may not appeal to every user.  ",2025-03-27 17:39:55
Cat Litter,Perplexity,Catalyst Pet Multi-Cat Formula Cat Litter  ,"Designed for multi-cat households, this litter is made from renewable resources and features a fine-grained texture that is gentle on paws. It minimizes dust and offers a natural solution while providing consistent clumping action.  ",Catalyst Pet  ,CatalystPet (subscription service available)  ,https://cats.com/best-cat-litter,"The subscription model offers savings, and its natural ingredients are highly appreciated by multi-cat owners. Its performance in clumping makes for an easy clean-up, although subscription commitment may not suit everyone.  ",2025-03-27 17:39:55
Cat Litter,Perplexity,Fresh News Recycled Paper Litter  ,"A non-clumping litter formulated entirely from recycled paper, this product produces minimal dust and is non-toxic—making it particularly safe for kittens and cats with sensitive respiratory systems.  ",Fresh News  ,Chewy  ,https://cats.com/best-cat-litter,"Excellent for kitten households and those wary of dust, though the non-clumping nature means more frequent litter replacements may be necessary.  ",2025-03-27 17:39:55
Cat Litter,Perplexity,Premium Natural SmartCat Unscented Clumping Grass Litter  ,"Made from 100% renewable grass materials, this unscented clumping litter features a lightweight, sandy texture that is gentle on paws and avoids harmful crystalline silica dust.  ",SmartCat  ,Chewy  ,https://cats.com/best-cat-litter,A superior natural option that delivers efficient clumping without the interference of added scents. It’s ideal for households desiring both performance and a chemical-free product.  ,2025-03-27 17:39:55
Cat Litter,Perplexity,Tidy Cats Breeze Litter Box System  ,This innovative sifting system uses zeolite pellets that dehydrate solid waste and an absorbent pad to trap odors. Its design minimizes scattering while simplifying the scooping process.  ,Tidy Cats  ,Chewy  ,https://cats.com/best-cat-litter,"Especially suited for multi-cat environments, it offers a clean and controlled litter box experience. Its system-based approach may require an initial adjustment period for optimal use.  ",2025-03-27 17:39:55
Cat Litter,Perplexity,PrettyLitter  ,"Featuring unique pH-detecting particles that change color to signal potential health concerns, PrettyLitter provides a soft, sandy texture that absorbs urine effectively and dehydrates solid waste for simpler scooping.  ",PrettyLitter  ,PrettyLitter (direct online store)  ,https://cats.com/best-cat-litter,"Beyond its standard litter functions, its health-monitoring capability is its standout feature. It combines effective odor control with a design that can alert owners to potential feline health issues.  ",2025-03-27 17:39:55
Cat Litter,Perplexity,Frisco Micro Crystal  ,"An unscented, non-clumping crystal litter with a fine, sandy texture, Frisco Micro Crystal is highly absorbent and works by dehydrating solid waste, facilitating easier cleaning.  ",Frisco  ,Chewy  ,https://cats.com/best-cat-litter,A budget-friendly option that provides great absorption and low dust levels. Its non-clumping nature is ideal for those prioritizing ease of waste handling over automatic clump formation.  ,2025-03-27 17:39:55
Cat Litter,Perplexity,Ever Clean Extra Strength  ,"Featuring a formulation that produces very hard, easy-to-scoop clumps, this litter offers very strong odor control and is free of synthetic fragrances, ensuring a cleaner and fresher-smelling home environment.  ",Ever Clean  ,Chewy  ,https://cats.com/best-cat-litter,"Praised for its ability to maintain odor control even under heavy use, this premium litter is an excellent choice for households prioritizing cleanliness, despite a slightly higher price point.  ",2025-03-27 17:39:55
Cat Litter,Perplexity,Dr. Elsey’s Precious Cat Ultra Unscented  ,"This unscented clay litter is made of large, heavy granules that track less and form firm clumps, ensuring effective odor control and convenient scooping while keeping mess to a minimum.  ",Dr. Elsey’s  ,Chewy  ,https://cats.com/best-cat-litter,A tried-and-true budget-friendly solution known for its balance of performance and affordability. Its low tracking and excellent scooping properties make it popular among households looking to maximize value.,2025-03-27 17:39:55
