Search Source,Title,Description,Brand,Retailer,Source,Comments,Query,Timestamp,Category
Perplexity,Smalls Ground Bird Fresh Cat Food  ,"Fresh food made with human‐grade ingredients featuring a single high-quality source of animal protein, very low carbohydrates, and abundant hydrating moisture.  ",Smalls  ,Smalls (Subscription Service)  ,https://cats.com/best-cat-food,"Recognized as the overall best, this formula delivers nutrient-dense, freshly prepared meals ideal for cats at all life stages.",best cat food,2025-04-08 23:47,cat food
Perplexity,Open Farm RawMix Open Prairie Recipe  ,"A superior dry cat food crafted with a high percentage of animal-derived protein, transparent ingredient sourcing, and quality-controlled production methods.  ",Open Farm  ,Open Farm via leading online pet retailers  ,https://cats.com/best-cat-food,"Praised for its ethical sourcing and transparency, it stands out as the best dry food option for discerning pet owners.",best cat food,2025-04-08 23:47,cat food
Perplexity,Feline Natural Chicken & Lamb Feast Grain-Free  ,"A premium, grain-free canned cat food enriched with a blend of muscle meats, organs, and green-lipped mussel for added joint support.  ",Feline Natural  ,Available through major online pet retailers  ,https://cats.com/best-cat-food,"This high-protein, nutrient-rich recipe delivers balanced nutrition, making it a top pick for quality canned cat food.",best cat food,2025-04-08 23:47,cat food
Perplexity,Dave’s Pet Food Naturally Healthy Grain-Free Turkey Formula  ,An affordable grain-free canned formula that features turkey as its primary protein source while providing essential moisture for hydration.  ,Dave’s Pet Food  ,Available on leading online pet platforms  ,https://cats.com/best-cat-food,"A budget-friendly option that doesn’t compromise on quality, ensuring a cost-effective way to provide adequate nutrition.",best cat food,2025-04-08 23:47,cat food
Perplexity,Open Farm Freeze-Dried Raw Cat Food  ,"A freeze-dried, grain-free raw cat food formulated from 100% traceable ingredients to preserve natural nutrients while offering raw-style feeding.  ",Open Farm  ,Distributed through well-known online pet stores  ,https://cats.com/best-cat-food,Ideal for pet owners interested in raw feeding without the hassle of traditional raw meat handling.,best cat food,2025-04-08 23:47,cat food
Perplexity,Caru Classic Turkey Stew  ,"A grain-free wet food featuring a single source of turkey protein, crafted into a hearty stew that delivers flavorful moisture and easily digestible nutrients.  ",Caru  ,Offered by top online pet retailers  ,https://cats.com/best-cat-food,"Especially popular among picky eaters, its appealing taste and smooth texture make mealtime more enjoyable.",best cat food,2025-04-08 23:47,cat food
Perplexity,Ziwi Peak Venison Recipe  ,"A canned cat food formulated with venison, including muscle meat, organs, and bones, complemented by green-lipped mussel to support joint health.  ",Ziwi Peak  ,Available through premium online pet food vendors  ,https://cats.com/best-cat-food,A great option for cats needing a novel protein source while still receiving a well-rounded nutritional profile.,best cat food,2025-04-08 23:47,cat food
Perplexity,Tiki Cat Succulent Chicken Recipe in Chicken Consommé  ,"A wet cat food created with succulent chicken protein in a natural consommé, offering high moisture content and low ash levels to aid urinary health.  ",Tiki Cat  ,Distributed via trusted online pet retailers  ,https://cats.com/best-cat-food,"Favored for its hydrating properties and lean formulation, it is an excellent choice for weight management and urinary tract support.",best cat food,2025-04-08 23:47,cat food
Perplexity,Open Farm Harvest Chicken Paté for Cats  ,"A wet paté made with a single source of chicken protein designed for easier digestion, boasting high moisture content and a smooth texture suitable for sensitive stomachs.  ",Open Farm  ,Accessible through major online pet food providers  ,https://cats.com/best-cat-food,"Formulated specifically for cats with digestive sensitivities, it offers gentle nutrition without sacrificing protein quality.",best cat food,2025-04-08 23:47,cat food
Perplexity,Wellness CORE Kitten Classic Paté  ,"An ultra-soft paté specially designed for kittens, providing rich protein, ample calories, and optimal moisture to support healthy growth and development.  ",Wellness CORE  ,Available at leading online pet retail outlets  ,https://cats.com/best-cat-food,"Ideal for young cats transitioning to solid foods, this formula ensures that nutritional needs are met during critical growth periods.",best cat food,2025-04-08 23:47,cat food
Perplexity,Hill's Science Diet Dog Food  ,"A premium range of dry and wet dog food options made with real animal protein and carefully formulated to meet the nutritional needs of puppies, adults, and seniors.  ",Hill's Science Diet  ,Amazon  ,https://www.thesprucepets.com/best-dog-food-brands-4843452,Trending as the best overall choice with formulations for special dietary sensitivities and health requirements as recommended by veterinarians.,best dog food,2025-04-08 23:45,dog food
Perplexity,Blue Buffalo Wet Dog Food  ,"A high-quality wet food crafted with human-grade ingredients, free from byproduct meals, corn, soy, and wheat, designed to support digestive health and coat condition.  ",Blue Buffalo  ,Amazon  ,https://www.thesprucepets.com/best-dog-food-brands-4843452,"Celebrated for its palatability and ease of digestion, making it an excellent option for dogs with sensitive stomachs.",best dog food,2025-04-08 23:45,dog food
Perplexity,Ollie Dog Food  ,"A fresh and gently baked dog food solution that is customizable to your dog's unique dietary needs, available through a convenient subscription service and supported by virtual veterinary consultations.  ",Ollie  ,Petco  ,https://www.thesprucepets.com/best-dog-food-brands-4843452,Ideal for pet owners seeking a blend of fresh and baked options with professional nutritional guidance tailored to their pet's lifestyle.,best dog food,2025-04-08 23:45,dog food
Perplexity,Iams Dog Food  ,"An affordable, nutritionally balanced dog food offered in dry and canned forms that covers all life stages while addressing specific health needs, including joint and digestive support.  ",Iams  ,Amazon  ,https://www.thesprucepets.com/best-dog-food-brands-4843452,"Known for its budget-friendly price point without compromising essential vitamins and nutrients, making it popular among families.",best dog food,2025-04-08 23:45,dog food
Perplexity,FreshPet Dog Food  ,"A refrigerated dog food made with fresh, high-quality ingredients in minimally processed recipes designed to provide a natural, balanced diet.  ",FreshPet  ,Amazon  ,https://www.thesprucepets.com/best-dog-food-brands-4843452,"Distinctive for its fresh formulation and convenient refrigerated delivery, perfect for pet owners looking for minimally processed nutritional options.",best dog food,2025-04-08 23:45,dog food
Perplexity,Purina Pro Plan Dog Food  ,A scientifically formulated premium dog food that emphasizes high-quality animal proteins and targeted nutrition to support healthy growth in puppies and maintain vitality in adult dogs.  ,Purina Pro Plan  ,Amazon  ,https://www.thesprucepets.com/best-dog-food-brands-4843452,"Especially recommended for puppies and active dogs, this brand is trusted for its research-backed recipes and effective dietary benefits.",best dog food,2025-04-08 23:45,dog food
Perplexity,Fromm Family Pet Food  ,A gourmet dog food featuring whole grains and carefully selected natural ingredients that support balanced digestion and overall wellness.  ,Fromm Family Pet Food  ,Amazon  ,https://www.thesprucepets.com/best-dog-food-brands-4843452,"Valued for its wholesome ingredients and balanced recipes, making it a reliable choice for normal dietary routines.",best dog food,2025-04-08 23:45,dog food
Perplexity,Tender & True Dog Food  ,"An organic dog food created with responsibly sourced ingredients and free from common additives, focusing on clean, natural nutrition.  ",Tender & True  ,Amazon  ,https://www.thesprucepets.com/best-dog-food-brands-4843452,"Recognized as the top organic option, emphasizing sustainability, animal welfare, and natural, additive-free recipes.",best dog food,2025-04-08 23:45,dog food
Perplexity,Royal Canin Large Breed Adult Dry Dog Food  ,"A science-based dry dog food formulated specifically for large breed dogs, offering targeted joint support and balanced nutrients to enhance mobility and longevity.  ",Royal Canin  ,Amazon  ,https://www.thesprucepets.com/best-dog-food-brands-4843452,"Expertly designed to address the unique dietary and health needs of large breed dogs, ensuring overall well-being through tailored nutritional profiles.",best dog food,2025-04-08 23:45,dog food
Perplexity,Kirkland Signature Adult Formula Dog Food  ,"A well-balanced adult dog food from a popular store brand, crafted with high-quality ingredients that deliver complete nutrition at an affordable price.  ",Kirkland Signature  ,Walmart  ,https://www.thesprucepets.com/best-dog-food-brands-4843452,"Highly rated for both value and quality, this option is a favorite among dog owners for its consistent performance and cost-effectiveness.",best dog food,2025-04-08 23:45,dog food
Perplexity,Boxiecat BoxiePro Self-Cleaning Probiotic Clumping Clay Litter  ,"A premium probiotic clumping clay litter that uses natural probiotics to break down bacteria and reduce odor, offering excellent clumping performance and a soft texture that is gentle on sensitive paws.  ",Boxiecat  ,"Chewy, Walmart, Petco  ",https://www.thesprucepets.com/best-cat-litters-4154326,"Although it shows some dust and tracking, its advanced bacteria-fighting formula and superior odor control justify its higher price.",best cat litter,2025-04-08 23:51,cat litter
Perplexity,Arm & Hammer Clump & Seal Multi-Cat Litter  ,"A dependable, odor-fighting litter that clumps tightly and effectively seals in moisture, designed especially for households with multiple cats.  ",Arm & Hammer  ,"Amazon, Chewy  ",https://www.thesprucepets.com/best-cat-litters-4154326,"The product line can be confusing due to similar labels, but its performance in multi-cat situations makes it a solid choice.",best cat litter,2025-04-08 23:51,cat litter
Perplexity,Dr. Elsey’s Ultra Unscented Cat Litter  ,"A low-dust, unscented litter that forms sturdy clumps and offers excellent odor control, ensuring comfort for cats with sensitive paws.  ",Dr. Elsey’s  ,"Amazon, Chewy  ",https://www.nytimes.com/wirecutter/reviews/best-cat-litter/,"While clumps may occasionally stick to the bottom of the litter box and the bag design can be cumbersome, its overall performance is highly rated.",best cat litter,2025-04-08 23:51,cat litter
Perplexity,Arm & Hammer Super Scoop Clumping Litter  ,"A low-dust, clumping clay litter designed to minimize tracking and produce minimal mess while effectively controlling odors.  ",Arm & Hammer  ,"Chewy, Petco  ",https://www.nytimes.com/wirecutter/reviews/best-cat-litter/,"Ideal for those who prioritize dust and tracking reduction, although its clumps can be a bit fragile compared to other formulas.",best cat litter,2025-04-08 23:51,cat litter
Perplexity,World’s Best Cat Litter Multiple Cat Unscented  ,"A corn-based, non-clay litter that clumps effectively and produces very little dust, catering to multi-cat households with an emphasis on natural ingredients.  ",World’s Best Cat Litter  ,"Amazon, Chewy  ",https://www.nytimes.com/wirecutter/reviews/best-cat-litter/,"It offers excellent clumping but does not control odors as effectively as traditional clay litters, and its packaging can be less convenient.",best cat litter,2025-04-08 23:51,cat litter
Perplexity,Tuft & Paw Really Good Cat Litter  ,"An eco-friendly, biodegradable litter that provides strong clumping and odor control while maintaining a natural, chemistry-free formula.  ",Tuft & Paw  ,"Tuft & Paw website, major pet retailers  ",https://www.thesprucepets.com/best-cat-litters-4154326,"Perfect for eco-conscious cat owners seeking a natural alternative, though it might be priced higher than conventional litters.",best cat litter,2025-04-08 23:51,cat litter
Perplexity,Fresh Step Crystals Premium Scented Cat Litter  ,"A crystal-based litter that offers a premium scent and efficient odor absorption, creating a noticeably fresh-smelling environment while minimizing dust.  ",Fresh Step  ,"Amazon, Petco  ",https://www.thesprucepets.com/best-cat-litters-4154326,"While it provides a clean and pleasantly scented environment, it differs from traditional clumping litters and may not be preferred by all cats.",best cat litter,2025-04-08 23:51,cat litter
Perplexity,Cat’s Pride Antibacterial Scented Litter  ,"A value-driven litter that combines antibacterial properties with an appealing scent, effectively clumping and controlling odors in multi-cat households.  ",Cat’s Pride  ,"Amazon, Chewy  ",https://www.thesprucepets.com/best-cat-litters-4154326,"Offering great performance at a competitive price, it is particularly advantageous for busy households needing reliable odor control across multiple cats.",best cat litter,2025-04-08 23:51,cat litter
Perplexity,PrettyLitter  ,An innovative silica-based litter that not only clumps well and controls odors with low dust output but also monitors your cat’s health through color-changing technology.  ,PrettyLitter  ,"Official PrettyLitter website, Chewy  ",https://www.consumerreports.org/home-garden/best-cat-litter-a1408378942/,"Although more expensive, its health-monitoring feature sets it apart, making it an excellent choice for proactive pet care despite a few cosmetic drawbacks.",best cat litter,2025-04-08 23:51,cat litter
Perplexity,Sustainably Yours Small-Grain Formula  ,"A natural, eco-friendly cat litter made from a blend of corn and cassava, delivering a soft texture and effective odor control while being kind to the environment.  ",Sustainably Yours  ,Various pet supply online retailers  ,https://www.businessinsider.com/guides/pets/best-natural-cat-litter,"Praised for its soft formula that tester cats love, this litter stands out as an environmentally responsible option without compromising on performance.",best cat litter,2025-04-08 23:51,cat litter
Perplexity,King Arthur Flour  ,"A high-quality, sturdy flour that ensures thicker cookies which hold their shape better.  ",King Arthur Flour  ,Available at specialty food stores and major supermarkets  ,https://www.trufflesandtrends.com/home/2016/6/10/12-of-my-favorite-baking-products-and-brands,Widely acclaimed for its consistency and performance in various baking recipes.,best baking ingredients,2025-04-08 23:54,baking ingredients
Perplexity,Spectrum Refined Coconut Oil  ,A neutral-tasting refined coconut oil that adds rich texture without imparting a strong tropical flavor.  ,Spectrum  ,Found at natural food stores and online retailers  ,https://www.trufflesandtrends.com/home/2016/6/10/12-of-my-favorite-baking-products-and-brands,Ideal for recipes requiring the benefits of coconut oil without altering overall flavor profiles.,best baking ingredients,2025-04-08 23:54,baking ingredients
Perplexity,Libby's 100% Pure Pumpkin  ,A premium pumpkin puree celebrated for its superior taste and smooth texture in baked goods.  ,Libby's  ,Readily available in most supermarkets  ,https://www.trufflesandtrends.com/home/2016/6/10/12-of-my-favorite-baking-products-and-brands,A reliable choice for recipes that rely on consistent pumpkin flavor and quality.,best baking ingredients,2025-04-08 23:54,baking ingredients
Perplexity,Quaker Oats  ,High-quality oats that are both cost-effective and versatile for a variety of baking applications.  ,Quaker  ,Distributed widely across grocery stores  ,https://www.trufflesandtrends.com/home/2016/6/10/12-of-my-favorite-baking-products-and-brands,"Trusted for everyday baking needs, ensuring a dependable texture and flavor in recipes.",best baking ingredients,2025-04-08 23:54,baking ingredients
Perplexity,Enjoy Life Dark Chocolate Morsels  ,Dairy-free chocolate chips with a robust 69% cacao content that provide an intense chocolate flavor.  ,Enjoy Life  ,Available at health food stores and major retailers  ,https://www.trufflesandtrends.com/home/2016/6/10/12-of-my-favorite-baking-products-and-brands,"Perfect for gluten-free and dairy-free baking, offering excellent taste and quality.",best baking ingredients,2025-04-08 23:54,baking ingredients
Perplexity,Golden Blossom Honey  ,A premier honey that enhances sweetness and depth of flavor in baked treats without overpowering them.  ,Golden Blossom  ,Found in gourmet shops and mainstream supermarkets  ,https://www.trufflesandtrends.com/home/2016/6/10/12-of-my-favorite-baking-products-and-brands,"Recognized for its exceptional taste, making it a standout ingredient in many recipes.",best baking ingredients,2025-04-08 23:54,baking ingredients
Perplexity,Red Star Yeast  ,"A dependable yeast that guarantees quick and consistent dough rising, enhancing the final baked product.  ",Red Star  ,Available at grocery stores and specialized baking supply shops  ,https://www.trufflesandtrends.com/home/2016/6/10/12-of-my-favorite-baking-products-and-brands,A favorite among bakers for its reliability and effectiveness in various dough formulations.,best baking ingredients,2025-04-08 23:54,baking ingredients
Perplexity,Bob's Red Mill Coconut Sugar  ,"A finely textured coconut sugar that reduces the risk of gritty results, adding a balanced sweetness to recipes.  ",Bob's Red Mill  ,Found in health food stores and major supermarkets  ,https://www.trufflesandtrends.com/home/2016/6/10/12-of-my-favorite-baking-products-and-brands,"Praised for its smooth, powdery consistency that enhances baked goods without the need for additional processing.",best baking ingredients,2025-04-08 23:54,baking ingredients
Perplexity,Domino Brown Sugar  ,"Brown sugar available in both dark and light variants, renowned for its excellent moisture, color, and texture.  ",Domino  ,Widely available in major grocery stores  ,https://www.trufflesandtrends.com/home/2016/6/10/12-of-my-favorite-baking-products-and-brands,"A staple in baking, trusted for delivering consistent sweetness and quality in recipes.",best baking ingredients,2025-04-08 23:54,baking ingredients
Perplexity,Bob's Red Mill Gluten Free Rolled Oats  ,100% gluten-free rolled oats that retain the familiar taste and texture of traditional oats while ensuring purity.  ,Bob's Red Mill  ,Available at health food stores and organic markets  ,https://www.trufflesandtrends.com/home/2016/6/10/12-of-my-favorite-baking-products-and-brands,"Ideal for those with gluten sensitivities, providing a safe and delicious alternative without sacrificing flavor.",best baking ingredients,2025-04-08 23:54,baking ingredients
Perplexity,Café Grumpy Heartbreaker Blend Instant Coffee  ,A richly aromatic and balanced instant coffee that mimics the nuanced flavor of a freshly brewed cup.  ,Café Grumpy  ,Available through specialty online retailers  ,https://www.bonappetit.com/story/best-instant-coffee?srsltid=AfmBOorHmEKWhUhvSJDLL3LD4UJgiyEYrPUcERUuDwCbFrI9QTylWji1,Favored for its ability to deliver a vibrant and refined coffee experience in a convenient format.,best instant coffee,2025-04-08 23:49,instant coffee
Perplexity,Café Grumpy Decaf Costa Rica Instant Coffee  ,"An exceptional decaf instant coffee that delivers full flavor without caffeine, surpassing traditional decaf expectations.  ",Café Grumpy  ,Available through specialty online retailers  ,https://www.bonappetit.com/story/best-instant-coffee?srsltid=AfmBOorHmEKWhUhvSJDLL3LD4UJgiyEYrPUcERUuDwCbFrI9QTylWji1,"Notably superior to conventional decaf options, making it a standout for decaf enthusiasts.",best instant coffee,2025-04-08 23:49,instant coffee
Perplexity,"Swift Coffee ""One of Everything"" Bundle  ","A diverse bundle showcasing a range of flavor profiles—from rich, toasty notes to vibrant citrus and nutty nuances—all crafted for instant brewing.  ",Swift Coffee  ,Available for direct online purchase  ,https://www.bonappetit.com/story/best-instant-coffee?srsltid=AfmBOorHmEKWhUhvSJDLL3LD4UJgiyEYrPUcERUuDwCbFrI9QTylWji1,A versatile choice perfect for those seeking variety and convenience in their instant coffee options.,best instant coffee,2025-04-08 23:49,instant coffee
Perplexity,Kloo Coffee Mini Tasting Set  ,"A compact tasting set offering distinct instant coffee concentrates that range from fruity and floral to nutty, designed for refined palates.  ",Kloo Coffee  ,Available through specialty coffee retailers online  ,https://www.bonappetit.com/story/best-instant-coffee?srsltid=AfmBOorHmEKWhUhvSJDLL3LD4UJgiyEYrPUcERUuDwCbFrI9QTylWji1,"Ideal for connoisseurs eager to explore multiple flavor profiles in a single, curated set.",best instant coffee,2025-04-08 23:49,instant coffee
Perplexity,Swift Cup Coffee Mainstay Blend  ,"A smooth, well-balanced instant coffee that consistently delivers a café-quality cup with controlled extraction and optimal roast character.  ",Swift Cup Coffee  ,Available on Swift Cup Coffee’s website  ,https://nymag.com/strategist/article/best-instant-coffee.html,"Noted for its exceptionally smooth texture and reliable flavor, making it a top pick for daily coffee routines.",best instant coffee,2025-04-08 23:49,instant coffee
Perplexity,Joe Coffee Instant-Coffee Packets  ,"Rich and robust instant coffee packets crafted to provide an authentic, freshly brewed taste even when enjoyed black.  ",Joe Coffee  ,Available via Amazon and select specialty stores  ,https://nymag.com/strategist/article/best-instant-coffee.html,"Praised for maintaining a true coffee profile, delivering a satisfying cup for purists and casual drinkers alike.",best instant coffee,2025-04-08 23:49,instant coffee
Perplexity,Voila Equator Decaf Colombia  ,"A decaf instant coffee that retains a bright, balanced flavor profile with a clean finish, ensuring an enjoyable cup without caffeine.  ",Voila Equator  ,Available on the Equator Coffees website  ,https://nymag.com/strategist/article/best-instant-coffee.html,An excellent decaf alternative that rivals its caffeinated counterparts in both aroma and taste.,best instant coffee,2025-04-08 23:49,instant coffee
Perplexity,Chamberlain Coffee Early Bird Steeped Bags  ,"A light roast instant coffee delivered in convenient steeped bags, offering a crisp and energizing cup ideal for early mornings.  ",Chamberlain Coffee  ,Available on Chamberlain Coffee’s website  ,https://nymag.com/strategist/article/best-instant-coffee.html,"Popular for its high caffeine content and refreshing, bright flavor—perfect for those low-energy mornings.",best instant coffee,2025-04-08 23:49,instant coffee
Perplexity,Starbucks Premium Instant MultiServe Medium Roast  ,"A balanced medium roast instant coffee that mirrors the quality of Starbucks’ brewed offerings, delivering consistency in every cup.  ",Starbucks  ,Available at major retailers and online outlets  ,https://nymag.com/strategist/article/best-instant-coffee.html,"Well-regarded for its consistent flavor profile, though it may divide opinions among traditional coffee aficionados.",best instant coffee,2025-04-08 23:49,instant coffee
Perplexity,Colcafe Instant Coffee Crystals  ,Robust and flavorful instant coffee crystals that deliver a bold cup with a satisfying aroma and well-rounded taste without excessive bitterness.  ,Colcafe  ,Available at major supermarkets  ,https://www.wired.com/gallery/best-instant-coffee/,"A strong option for those seeking a traditional, full-bodied instant coffee experience.",best instant coffee,2025-04-08 23:49,instant coffee