Query,Source,Source Rank,Timestamp,Search Source,Category
best cat food,https://www.forbes.com/sites/forbes-personal-shopper/article/best-cat-foods/,1,2025-04-10 23:42,Google Search,cat food
best cat food,https://www.vet.cornell.edu/departments-centers-and-institutes/cornell-feline-health-center/health-information/feline-health-topics/feeding-your-cat,2,2025-04-10 23:42,Google Search,cat food
best cat food,https://www.chewy.com/b/food-387,3,2025-04-10 23:42,Google Search,cat food
best cat food,https://www.reddit.com/r/CatAdvice/comments/13qu4eg/best_cat_food_recommendations/,4,2025-04-10 23:42,Google Search,cat food
best cat food,https://cats.com/cat-food-reviews,5,2025-04-10 23:42,Google Search,cat food
best cat food,https://www.reddit.com/r/CatAdvice/comments/1cv5j1r/what_is_the_best_cat_food_price_isnt_a_concern/,6,2025-04-10 23:42,Google Search,cat food
best cat food,https://www.hollywoodfeed.com/c/2346/cat-food?srsltid=AfmBOopIX5Ky-K6WsppIjoeGbDZxVMZs_v6BLsBWsACFVl40xZOGWhm6,7,2025-04-10 23:42,Google Search,cat food
best cat food,https://www.catfoodadvisor.com/,8,2025-04-10 23:42,Google Search,cat food
best cat food,https://www.cats.org.uk/help-and-advice/diet/types-of-cat-food,9,2025-04-10 23:42,Google Search,cat food
best dog food,https://www.dogfoodadvisor.com/,1,2025-04-10 23:35,Google Search,dog food
best dog food,https://www.petmd.com/dog/vet-verified/best-dog-food,2,2025-04-10 23:35,Google Search,dog food
best dog food,https://www.chewy.com/b/shop-highest-quality-11729,3,2025-04-10 23:35,Google Search,dog food
best dog food,https://www.reddit.com/r/Dogowners/comments/1iffpyc/best_dog_food_brands/,4,2025-04-10 23:35,Google Search,dog food
best dog food,https://www.nytimes.com/wirecutter/reviews/how-to-buy-the-best-dog-food/,5,2025-04-10 23:35,Google Search,dog food
best dog food,https://www.hollywoodfeed.com/c/2362/the-best-dry-dog-foods-natural-holistic-pet-food?srsltid=AfmBOopfWtBrY09r5_sOlRD4rrC4pntrajP-Y2hmSHD5IXbRlNZVVC21,6,2025-04-10 23:35,Google Search,dog food
best dog food,https://www.consumerreports.org/health/pet-food/whats-really-in-your-dogs-food-a1115304393/,7,2025-04-10 23:35,Google Search,dog food
best dog food,https://www.amazon.com/Best-Sellers-Dog-Food/zgbs/pet-supplies/2975359011,8,2025-04-10 23:35,Google Search,dog food
best dog food,https://www.allrecipes.com/recipe/140286/homemade-dog-food/,9,2025-04-10 23:35,Google Search,dog food
best dog food,https://www.target.com/c/dog-food-supplies-pets/best/-/N-5xt3mZs4rqi,10,2025-04-10 23:35,Google Search,dog food
best instant coffee,https://www.bonappetit.com/story/best-instant-coffee?srsltid=AfmBOoqtNqFgPYP5U-hO87RpvqTnfPoHMBn6BUdbhYC6WFl7GDGGqscx,1,2025-04-10 23:48,Google Search,instant coffee
best instant coffee,https://www.tastingtable.com/1755382/instant-coffee-brands-ranked-worst-best/,2,2025-04-10 23:48,Google Search,instant coffee
best instant coffee,https://www.reddit.com/r/Coffee/comments/y9cjhe/are_there_any_good_instant_coffees/,3,2025-04-10 23:48,Google Search,instant coffee
best instant coffee,https://sporked.com/article/best-instant-coffee/,4,2025-04-10 23:48,Google Search,instant coffee
best instant coffee,https://www.nytimes.com/wirecutter/reviews/best-instant-coffee/,5,2025-04-10 23:48,Google Search,instant coffee
best instant coffee,https://www.theguardian.com/food/2024/apr/10/best-instant-coffee-brands-supermarket-taste-test-australia,6,2025-04-10 23:48,Google Search,instant coffee
best instant coffee,https://www.businessinsider.com/best-instant-coffee-at-grocery-store-taste-test-barista,7,2025-04-10 23:48,Google Search,instant coffee
best instant coffee,https://www.bogleheads.org/forum/viewtopic.php?t=433334,8,2025-04-10 23:48,Google Search,instant coffee
best instant coffee,https://www.costco.com/instant-coffee.html,9,2025-04-10 23:48,Google Search,instant coffee
best cat litter,https://www.nytimes.com/wirecutter/reviews/best-cat-litter/,1,2025-04-10 23:39,Google Search,cat litter
best cat litter,https://www.reddit.com/r/CatAdvice/comments/1cmj2l0/whats_the_best_cat_litter/,2,2025-04-10 23:39,Google Search,cat litter
best cat litter,https://www.consumerreports.org/home-garden/best-cat-litter-a1408378942/,3,2025-04-10 23:39,Google Search,cat litter
best cat litter,https://www.amazon.com/Worlds-Best-Cat-Litter-Scoopable/dp/B007ZPX2NA,4,2025-04-10 23:39,Google Search,cat litter
best cat litter,https://www.thesprucepets.com/best-cat-litters-4154326,5,2025-04-10 23:39,Google Search,cat litter
best cat litter,https://cats.com/cat-litter-reviews,6,2025-04-10 23:39,Google Search,cat litter
best cat litter,https://www.quora.com/What-are-the-best-cat-litter-for-multiple-cats,7,2025-04-10 23:39,Google Search,cat litter
best cat litter,https://www.worldsbestcatlitter.com/,8,2025-04-10 23:39,Google Search,cat litter
best cat litter,https://www.youtube.com/watch?v=P2A-iwGzb8k&pp=0gcJCdgAo7VqN5tD,9,2025-04-10 23:39,Google Search,cat litter
best baking ingredients,https://www.reddit.com/r/Baking/comments/10mjc7b/what_splurge_baking_ingredients_would_you_love_as/,1,2025-04-10 23:33,Google Search,baking ingredients
best baking ingredients,https://www.tasteofhome.com/collection/gourmet-baking-ingredients/?srsltid=AfmBOoow_jWFIt9ETe33qlNnVOpQWD2ai-HFIwEaVguPYfheMcms-qat,2,2025-04-10 23:33,Google Search,baking ingredients
best baking ingredients,https://www.foodnetwork.com/recipes/packages/baking-guide/baking-ingredient-guide,3,2025-04-10 23:33,Google Search,baking ingredients
best baking ingredients,https://theepicureantrader.com/collections/baking-ingredients?srsltid=AfmBOoou4mZHa2dVPT5Dh8rRgF1vmVzgvQ8CHxSVmEj14I8YAdsXJbNh,4,2025-04-10 23:33,Google Search,baking ingredients
best baking ingredients,https://shop.kingarthurbaking.com/ingredients?srsltid=AfmBOoqEnB6ntZ3zvBNX4wzXSnlB1lGTdruYV--4-AZ_r0524tzfV7r6,5,2025-04-10 23:33,Google Search,baking ingredients
best baking ingredients,https://sweetsbystefanee.com/2024/04/10/the-best-baking-ingredients/,6,2025-04-10 23:33,Google Search,baking ingredients
best baking ingredients,https://kbcbakery.com/baking-101-7-essential-ingredients/,7,2025-04-10 23:33,Google Search,baking ingredients
best baking ingredients,https://sallysbakingaddiction.com/,8,2025-04-10 23:33,Google Search,baking ingredients