Timestamp,Run,Prompt,Product Name,URL1,URL2,URL3,URL4,URL5,URL6,URL7,URL8,URL9,URL10
2025-04-27 22:13:04,1,what's the best instant coffee in canada? Include all ranking sources that influenced the recommendation,Starbucks VIA Instant Coffee Pike Place Roast,https://www.dropmocha.ca/post/top-7-instant-coffee-brands-you-need-to-try-in-canada?utm_source=chatgpt.com,https://www.allrecipes.com/longform/best-instant-coffee/?utm_source=chatgpt.com,,,,,,,,
2025-04-27 22:13:13,1,what's the best instant coffee in canada? Include all ranking sources that influenced the recommendation,Nescafé Gold Espresso,https://www.dropmocha.ca/post/top-7-instant-coffee-brands-you-need-to-try-in-canada?utm_source=chatgpt.com,https://www.andreaference.com/blog/the-best-instant-coffee?utm_source=chatgpt.com,https://www.bonappetit.com/story/best-instant-coffee?utm_source=chatgpt.com,https://www.bestproductscanada.com/instant-coffee?utm_source=chatgpt.com,,,,,,
2025-04-27 22:14:19,1,what's the best instant coffee in canada? Include all ranking sources that influenced the recommendation,Mount Hagen Organic Instant Coffee,https://www.dropmocha.ca/post/top-7-instant-coffee-brands-you-need-to-try-in-canada?utm_source=chatgpt.com,,,,,,,,,
2025-04-27 22:14:21,1,what's the best instant coffee in canada? Include all ranking sources that influenced the recommendation,Tim Hortons Premium Instant Coffee (Medium Roast),https://www.dropmocha.ca/post/top-7-instant-coffee-brands-you-need-to-try-in-canada?utm_source=chatgpt.com,https://www.narcity.com/instant-coffee-comparison-canada?utm_source=chatgpt.com,https://www.bestproductscanada.com/instant-coffee?utm_source=chatgpt.com,https://www.andreaference.com/blog/the-best-instant-coffee?utm_source=chatgpt.com,,,,,,
2025-04-27 22:14:26,1,what's the best instant coffee in canada? Include all ranking sources that influenced the recommendation,Folgers Classic Roast Instant Coffee,https://www.dropmocha.ca/post/top-7-instant-coffee-brands-you-need-to-try-in-canada?utm_source=chatgpt.com,https://www.wired.com/gallery/best-instant-coffee/?utm_source=chatgpt.com,,,,,,,,
2025-04-27 22:17:14,2,what's the best instant coffee in canada? Include all ranking sources that influenced the recommendation,Starbucks VIA Instant Coffee – Pike Place Roast,https://www.allrecipes.com/longform/best-instant-coffee/?utm_source=chatgpt.com,https://www.wired.com/gallery/best-instant-coffee/?utm_source=chatgpt.com,https://justuscoffee.com/products/organic-instant-coffee-canada?utm_source=chatgpt.com,https://www.eater.com/coffee-tea/24265732/best-instant-coffees-tested-review-decaf-regular-commetteer-swift?utm_source=chatgpt.com,,,,,,
2025-04-27 22:17:19,2,what's the best instant coffee in canada? Include all ranking sources that influenced the recommendation,Mount Hagen Organic Instant Coffee,https://cornercoffeestore.com/best-instant-coffee/?utm_source=chatgpt.com,https://justuscoffee.com/products/organic-instant-coffee-canada?utm_source=chatgpt.com,https://www.bonappetit.com/story/best-instant-coffee?srsltid=AfmBOorcRrMmwjUd1cG6-Uwo0FBEFPfVSH32_WeXPZDwzan5s_sb2WD1&utm_source=chatgpt.com,https://www.wired.com/gallery/best-instant-coffee/?utm_source=chatgpt.com,https://www.andreaference.com/blog/the-best-instant-coffee?utm_source=chatgpt.com,https://www.seriouseats.com/best-instant-coffee-7506045?utm_source=chatgpt.com,,,,
2025-04-27 22:17:26,2,what's the best instant coffee in canada? Include all ranking sources that influenced the recommendation,Juan Valdez Instant Coffee,https://www.thekitchn.com/best-instant-coffee-23632498?utm_source=chatgpt.com,https://www.reddit.com/r/Calgary/comments/16papxl/better_instant_coffee/?utm_source=chatgpt.com,https://www.thekitchn.com/best-instant-coffee-23632498?utm_source=chatgpt.com,,,,,,,
2025-04-27 22:17:31,2,what's the best instant coffee in canada? Include all ranking sources that influenced the recommendation,Nescafé Taster’s Choice Classic,https://www.narcity.com/instant-coffee-comparison-canada?utm_source=chatgpt.com,https://www.thepioneerwoman.com/food-cooking/g38962676/best-instant-coffee/?utm_source=chatgpt.com,https://www.andreaference.com/blog/the-best-instant-coffee?utm_source=chatgpt.com,https://www.reddit.com/r/Calgary/comments/16papxl/better_instant_coffee/?utm_source=chatgpt.com,https://justuscoffee.com/products/organic-instant-coffee-canada?utm_source=chatgpt.com,https://burbro.com/best-instant-coffee-13055/?utm_source=chatgpt.com,,,,
2025-04-27 22:17:35,2,what's the best instant coffee in canada? Include all ranking sources that influenced the recommendation,Tim Hortons Premium Instant Coffee (Medium Roast),https://www.narcity.com/instant-coffee-comparison-canada?utm_source=chatgpt.com,https://www.thepioneerwoman.com/food-cooking/g38962676/best-instant-coffee/?utm_source=chatgpt.com,,,,,,,,
2025-04-27 22:28:01,3,what's the best instant coffee in canada? Include all ranking sources that influenced the recommendation,Starbucks VIA Instant Coffee (Pike Place Roast),https://www.allrecipes.com/longform/best-instant-coffee/?utm_source=chatgpt.com,https://www.dropmocha.ca/post/top-7-instant-coffee-brands-you-need-to-try-in-canada?utm_source=chatgpt.com,https://cornercoffeestore.com/best-instant-coffee/?utm_source=chatgpt.com,https://www.wired.com/gallery/best-instant-coffee/?utm_source=chatgpt.com,,,,,,
2025-04-27 22:28:04,3,what's the best instant coffee in canada? Include all ranking sources that influenced the recommendation,Mount Hagen Organic Fairtrade Instant Coffee,https://www.dropmocha.ca/post/top-7-instant-coffee-brands-you-need-to-try-in-canada?utm_source=chatgpt.com,https://cornercoffeestore.com/best-instant-coffee/?utm_source=chatgpt.com,,,,,,,,
2025-04-27 22:28:08,3,what's the best instant coffee in canada? Include all ranking sources that influenced the recommendation,Nescafé Gold Espresso,https://www.bestproductscanada.com/instant-coffee?utm_source=chatgpt.com,https://www.dropmocha.ca/post/top-7-instant-coffee-brands-you-need-to-try-in-canada?utm_source=chatgpt.com,,,,,,,,
2025-04-27 22:28:23,3,what's the best instant coffee in canada? Include all ranking sources that influenced the recommendation,Tim Hortons Premium Instant Coffee,https://www.narcity.com/instant-coffee-comparison-canada?utm_source=chatgpt.com,,,,,,,,,
2025-04-27 22:28:32,3,what's the best instant coffee in canada? Include all ranking sources that influenced the recommendation,Folgers Classic Roast Instant Coffee,https://www.dropmocha.ca/post/top-7-instant-coffee-brands-you-need-to-try-in-canada?utm_source=chatgpt.com,https://www.bestproductscanada.com/instant-coffee?utm_source=chatgpt.com,https://www.narcity.com/instant-coffee-comparison-canada?utm_source=chatgpt.com,,,,,,,
2025-04-27 22:34:05,4,what's the best instant coffee in canada? Include all ranking sources that influenced the recommendation,Nescafé Gold Espresso,https://www.dropmocha.ca/post/top-7-instant-coffee-brands-you-need-to-try-in-canada?utm_source=chatgpt.com,https://www.bestproductscanada.com/instant-coffee?utm_source=chatgpt.com,https://www.bonappetit.com/story/best-instant-coffee?utm_source=chatgpt.com,,,,,,,
2025-04-27 22:34:13,4,what's the best instant coffee in canada? Include all ranking sources that influenced the recommendation,Starbucks VIA Instant Coffee,https://www.allrecipes.com/longform/best-instant-coffee/?utm_source=chatgpt.com,https://www.dropmocha.ca/post/top-7-instant-coffee-brands-you-need-to-try-in-canada?utm_source=chatgpt.com,https://www.bestproductscanada.com/instant-coffee?utm_source=chatgpt.com,https://www.wired.com/gallery/best-instant-coffee/?utm_source=chatgpt.com,https://www.amazon.com/NESCAFE-Espresso-Instant-Coffee-Canada/dp/B07ZJM4LPQ?utm_source=chatgpt.com,https://www.eater.com/coffee-tea/24265732/best-instant-coffees-tested-review-decaf-regular-cometeer-swift?utm_source=chatgpt.com,https://cornercoffeestore.com/best-instant-coffee/?utm_source=chatgpt.com,https://www.simplyrecipes.com/best-instant-coffee-baristas-8695480?utm_source=chatgpt.com,https://www.reddit.com/r/pourover/comments/1dw4cnz/specialty_roasters_who_make_instant_coffee/?utm_source=chatgpt.com,https://www.narcity.com/instant-coffee-comparison-canada?utm_source=chatgpt.com
2025-04-27 22:34:17,4,what's the best instant coffee in canada? Include all ranking sources that influenced the recommendation,Mount Hagen Organic Instant Coffee,https://cornercoffeestore.com/best-instant-coffee/?utm_source=chatgpt.com,https://www.dropmocha.ca/post/top-7-instant-coffee-brands-you-need-to-try-in-canada?utm_source=chatgpt.com,https://www.bestproductscanada.com/instant-coffee?utm_source=chatgpt.com,https://www.amazon.com/NESCAFE-Espresso-Instant-Coffee-Canada/dp/B07ZJM4LPQ?utm_source=chatgpt.com,,,,,,
2025-04-27 22:34:21,4,what's the best instant coffee in canada? Include all ranking sources that influenced the recommendation,Tim Hortons Instant Coffee,https://www.dropmocha.ca/post/top-7-instant-coffee-brands-you-need-to-try-in-canada?utm_source=chatgpt.com,https://www.amazon.com/NESCAFE-Espresso-Instant-Coffee-Canada/dp/B07ZJM4LPQ?utm_source=chatgpt.com,https://www.reddit.com/r/BuyCanadian/comments/1ilpd72/best_grocery_store_instant_coffee_brand_made_in/?utm_source=chatgpt.com,https://www.myccr.com/phpBB3_PROD/viewtopic.php?f=23&t=50279&utm_source=chatgpt.com,https://www.allrecipes.com/longform/best-instant-coffee/?utm_source=chatgpt.com,https://cornercoffeestore.com/best-instant-coffee/?utm_source=chatgpt.com,https://www.bestproductscanada.com/instant-coffee?utm_source=chatgpt.com,,,
2025-04-27 22:34:29,4,what's the best instant coffee in canada? Include all ranking sources that influenced the recommendation,Folgers Classic Roast Instant Coffee,https://cornercoffeestore.com/best-instant-coffee/?utm_source=chatgpt.com,https://www.dropmocha.ca/post/top-7-instant-coffee-brands-you-need-to-try-in-canada?utm_source=chatgpt.com,https://www.bestproductscanada.com/instant-coffee?utm_source=chatgpt.com,,,,,,,
2025-04-27 22:45:40,5,what's the best instant coffee in canada? Include all ranking sources that influenced the recommendation,Starbucks VIA Instant Coffee,https://www.andreaference.com/blog/the-best-instant-coffee?utm_source=chatgpt.com,https://www.allrecipes.com/longform/best-instant-coffee/?utm_source=chatgpt.com,https://justuscoffee.com/products/organic-instant-coffee-canada?utm_source=chatgpt.com,https://www.narcity.com/instant-coffee-comparison-canada?utm_source=chatgpt.com,,,,,,
2025-04-27 22:45:45,5,what's the best instant coffee in canada? Include all ranking sources that influenced the recommendation,Mount Hagen Organic Instant Coffee,https://justuscoffee.com/products/organic-instant-coffee-canada?utm_source=chatgpt.com,https://burbro.com/best-instant-coffee-13055/?utm_source=chatgpt.com,https://cornercoffeestore.com/best-instant-coffee/?utm_source=chatgpt.com,,,,,,,
2025-04-27 22:46:01,5,what's the best instant coffee in canada? Include all ranking sources that influenced the recommendation,Nescafé Taster’s Choice,https://cornercoffeestore.com/best-instant-coffee/?utm_source=chatgpt.com,https://www.narcity.com/instant-coffee-comparison-canada?utm_source=chatgpt.com,,,,,,,,
2025-04-27 22:46:07,5,what's the best instant coffee in canada? Include all ranking sources that influenced the recommendation,Tim Hortons Premium Instant Coffee,https://burbro.com/best-instant-coffee-13055/?utm_source=chatgpt.com,https://www.narcity.com/instant-coffee-comparison-canada?utm_source=chatgpt.com,https://www.bonappetit.com/story/best-instant-coffee?srsltid=AfmBOoqIWtBU_47eIeYzzr147yf8G4QYR4GtFlwJsDwGkZ3eCPxWr94V&utm_source=chatgpt.com,,,,,,,
2025-04-27 22:46:11,5,what's the best instant coffee in canada? Include all ranking sources that influenced the recommendation,Juan Valdez Instant Coffee,https://k-agriculture.com/coffee-brands-list/?utm_source=chatgpt.com,https://www.thepioneerwoman.com/food-cooking/g38962676/best-instant-coffee/?utm_source=chatgpt.com,https://thecoffeeguru.net/best-organic-instant-coffee/?utm_source=chatgpt.com,https://justuscoffee.com/products/organic-instant-coffee-canada?utm_source=chatgpt.com,https://www.bonappetit.com/story/best-instant-coffee?srsltid=AfmBOoqIWtBU_47eIeYzzr147yf8G4QYR4GtFlwJsDwGkZ3eCPxWr94V&utm_source=chatgpt.com,https://burbro.com/best-instant-coffee-13055/?utm_source=chatgpt.com,https://getrecipes.indopublik-news.com/best-instant-coffee-brands-in-canada/?utm_source=chatgpt.com,https://www.narcity.com/instant-coffee-comparison-canada?utm_source=chatgpt.com,https://www.eater.com/coffee-tea/24265732/best-instant-coffees-tested-review-decaf-regular-commetteer-swift?utm_source=chatgpt.com,https://www.thekitchn.com/best-instant-coffee-23632498?utm_source=chatgpt.com
2025-04-28 16:49:54,6,what's the best instant coffee in canada? Include all ranking sources that influenced the recommendation,Starbucks VIA Instant Coffee – Pike Place Roast,https://www.allrecipes.com/longform/best-instant-coffee/?utm_source=chatgpt.com,https://www.dropmocha.ca/post/top-7-instant-coffee-brands-you-need-to-try-in-canada?utm_source=chatgpt.com,https://www.eater.com/coffee-tea/24265732/best-instant-coffees-tested-review-decaf-regular-commetteer-swift?utm_source=chatgpt.com,https://cornercoffeestore.com/best-instant-coffee/?utm_source=chatgpt.com,https://www.andreaference.com/blog/the-best-instant-coffee?utm_source=chatgpt.com,https://www.simplyrecipes.com/best-instant-coffee-baristas-8695480?utm_source=chatgpt.com,,,,
2025-04-28 16:50:00,6,what's the best instant coffee in canada? Include all ranking sources that influenced the recommendation,Mount Hagen Organic Instant Coffee,https://www.dropmocha.ca/post/top-7-instant-coffee-brands-you-need-to-try-in-canada?utm_source=chatgpt.com,https://cornercoffeestore.com/best-instant-coffee/?utm_source=chatgpt.com,,,,,,,,
2025-04-28 16:50:05,6,what's the best instant coffee in canada? Include all ranking sources that influenced the recommendation,Nescafé Gold Blend,https://www.dropmocha.ca/post/top-7-instant-coffee-brands-you-need-to-try-in-canada?utm_source=chatgpt.com,,,,,,,,,
2025-04-28 16:50:08,6,what's the best instant coffee in canada? Include all ranking sources that influenced the recommendation,Tim Hortons Instant Coffee,https://www.narcity.com/instant-coffee-comparison-canada?utm_source=chatgpt.com,https://www.bonappetit.com/story/best-instant-coffee?srsltid=AfmBOopLhHmc8H6_rTiq5rXhVUSFihPV-4Xo_Sdi8o4f-vhakvaCsavY&utm_source=chatgpt.com,,,,,,,,
2025-04-28 16:50:11,6,what's the best instant coffee in canada? Include all ranking sources that influenced the recommendation,Nescafé Taster’s Choice Classic,https://www.bestproductscanada.com/instant-coffee?utm_source=chatgpt.com,https://www.bonappetit.com/story/best-instant-coffee?srsltid=AfmBOopLhHmc8H6_rTiq5rXhVUSFihPV-4Xo_Sdi8o4f-vhakvaCsavY&utm_source=chatgpt.com,https://www.wired.com/gallery/best-instant-coffee/?utm_source=chatgpt.com,,,,,,,
2025-04-28 20:43:37,7,"what's the best instant coffee in canada? For each recommendation, provide a full list of every source you consulted to make the recommendation. Do not summarize, explain, or editorialize — just list the coffee name, the sources (with URLs), and nothing else",Starbucks VIA Instant Coffee (Pike Place Roast),https://www.bonappetit.com/story/best-instant-coffee?srsltid=AfmBOoryepcBmv0gRxJefquyTEdzU-f_juK2geP4HtCWxlHOHFHnomIS&utm_source=chatgpt.com,https://www.allrecipes.com/longform/best-instant-coffee/?utm_source=chatgpt.com,https://www.narcity.com/instant-coffee-comparison-canada?utm_source=chatgpt.com,,,,,,,
2025-04-28 20:43:41,7,"what's the best instant coffee in canada? For each recommendation, provide a full list of every source you consulted to make the recommendation. Do not summarize, explain, or editorialize — just list the coffee name, the sources (with URLs), and nothing else",Mount Hagen Organic Instant Coffee,https://www.thekitchn.com/best-instant-coffee-23632498?utm_source=chatgpt.com,https://justuscoffee.com/products/organic-instant-coffee-canada?utm_source=chatgpt.com,,,,,,,,
2025-04-28 20:43:45,7,"what's the best instant coffee in canada? For each recommendation, provide a full list of every source you consulted to make the recommendation. Do not summarize, explain, or editorialize — just list the coffee name, the sources (with URLs), and nothing else",Nescafé Gold Espresso,https://www.reddit.com/r/Calgary/comments/16papxl/better_instant_coffee/?utm_source=chatgpt.com,https://www.amazon.com/NESCAFE-Espresso-Instant-Coffee-Canada/dp/B08QXPG7ZH?utm_source=chatgpt.com,https://justuscoffee.com/products/organic-instant-coffee-canada?utm_source=chatgpt.com,,,,,,,
2025-04-28 20:43:50,7,"what's the best instant coffee in canada? For each recommendation, provide a full list of every source you consulted to make the recommendation. Do not summarize, explain, or editorialize — just list the coffee name, the sources (with URLs), and nothing else",Colcafé Classic Instant Coffee,https://www.wired.com/gallery/best-instant-coffee/?utm_source=chatgpt.com,,,,,,,,,
2025-04-28 20:43:54,7,"what's the best instant coffee in canada? For each recommendation, provide a full list of every source you consulted to make the recommendation. Do not summarize, explain, or editorialize — just list the coffee name, the sources (with URLs), and nothing else",Juan Valdez Instant Coffee,https://www.reddit.com/r/Calgary/comments/16papxl/better_instant_coffee/?utm_source=chatgpt.com,,,,,,,,,
2025-04-28 20:44:02,7,"what's the best instant coffee in canada? For each recommendation, provide a full list of every source you consulted to make the recommendation. Do not summarize, explain, or editorialize — just list the coffee name, the sources (with URLs), and nothing else",Tim Hortons Premium Instant Coffee,https://www.narcity.com/instant-coffee-comparison-canada?utm_source=chatgpt.com,,,,,,,,,
2025-04-28 20:44:06,7,"what's the best instant coffee in canada? For each recommendation, provide a full list of every source you consulted to make the recommendation. Do not summarize, explain, or editorialize — just list the coffee name, the sources (with URLs), and nothing else",Pilot Coffee Roasters Instant Coffee,https://www.reddit.com/r/BuyCanadian/comments/1ilpd72/best_grocery_store_instant_coffee_brand_made_in/?utm_source=chatgpt.com,,,,,,,,,
2025-04-28 20:44:10,7,"what's the best instant coffee in canada? For each recommendation, provide a full list of every source you consulted to make the recommendation. Do not summarize, explain, or editorialize — just list the coffee name, the sources (with URLs), and nothing else",Fernwood Coffee Instant Coffee,https://www.reddit.com/r/BuyCanadian/comments/1jodbky/canadian_made_instant_coffee/?utm_source=chatgpt.com,,,,,,,,,
2025-04-28 20:44:15,7,"what's the best instant coffee in canada? For each recommendation, provide a full list of every source you consulted to make the recommendation. Do not summarize, explain, or editorialize — just list the coffee name, the sources (with URLs), and nothing else",Blue Bottle Craft Instant Espresso,https://www.simplyrecipes.com/best-instant-coffee-baristas-8695480?utm_source=chatgpt.com,,,,,,,,,
2025-04-28 20:44:19,7,"what's the best instant coffee in canada? For each recommendation, provide a full list of every source you consulted to make the recommendation. Do not summarize, explain, or editorialize — just list the coffee name, the sources (with URLs), and nothing else",Swift Cup Coffee,https://www.eater.com/coffee-tea/24265732/best-instant-coffees-tested-review-decaf-regular-commetteer-swift?utm_source=chatgpt.com,,,,,,,,,
2025-04-28 22:15:51,8,what's the best instant coffee in canada? Include all source sites that influenced each recommendation,Nescafé Gold Blend,https://www.dropmocha.ca/post/top-7-instant-coffee-brands-you-need-to-try-in-canada?utm_source=chatgpt.com,https://www.amazon.com/NESCAFE-Espresso-Instant-Coffee-Canada/dp/B08QXPG7ZH?utm_source=chatgpt.com,https://www.bonappetit.com/story/best-instant-coffee?srsltid=AfmBOorTWQZVQeajAwCe7x9Hsb6chJ0UFQfAp07c49bzQBXuxuEVsMkm&utm_source=chatgpt.com,https://www.wired.com/gallery/best-instant-coffee/?utm_source=chatgpt.com,https://joleenavalos.blogspot.com/2022/03/best-instant-coffee-brands-in-canada.html?utm_source=chatgpt.com,,,,,
2025-04-28 22:15:55,8,what's the best instant coffee in canada? Include all source sites that influenced each recommendation,Starbucks VIA Instant Coffee,https://www.dropmocha.ca/post/top-7-instant-coffee-brands-you-need-to-try-in-canada?utm_source=chatgpt.com,https://www.amazon.com/NESCAFE-Espresso-Instant-Coffee-Canada/dp/B08QXPG7ZH?utm_source=chatgpt.com,https://www.bonappetit.com/story/best-instant-coffee?srsltid=AfmBOorTWQZVQeajAwCe7x9Hsb6chJ0UFQfAp07c49bzQBXuxuEVsMkm&utm_source=chatgpt.com,https://www.wired.com/gallery/best-instant-coffee/?utm_source=chatgpt.com,https://www.reddit.com/r/pourover/comments/1dw4cnz/specialty_roasters_who_make_instant_coffee/?utm_source=chatgpt.com,https://www.narcity.com/instant-coffee-comparison-canada?utm_source=chatgpt.com,,,,
2025-04-28 22:15:59,8,what's the best instant coffee in canada? Include all source sites that influenced each recommendation,Mount Hagen Organic Instant Coffee,https://www.dropmocha.ca/post/top-7-instant-coffee-brands-you-need-to-try-in-canada?utm_source=chatgpt.com,https://www.bonappetit.com/story/best-instant-coffee?srsltid=AfmBOorTWQZVQeajAwCe7x9Hsb6chJ0UFQfAp07c49bzQBXuxuEVsMkm&utm_source=chatgpt.com,,,,,,,,
2025-04-28 22:16:02,8,what's the best instant coffee in canada? Include all source sites that influenced each recommendation,Tim Hortons Instant Coffee,https://www.dropmocha.ca/post/top-7-instant-coffee-brands-you-need-to-try-in-canada?utm_source=chatgpt.com,,,,,,,,,
2025-04-28 22:16:06,8,what's the best instant coffee in canada? Include all source sites that influenced each recommendation,President's Choice Instant Coffee,https://www.dropmocha.ca/post/top-7-instant-coffee-brands-you-need-to-try-in-canada?utm_source=chatgpt.com,,,,,,,,,
2025-04-28 22:18:50,9,what's the best instant coffee in canada? Include all source sites that influenced each recommendation,Nescafé Gold Blend Coffee,https://www.dropmocha.ca/post/top-7-instant-coffee-brands-you-need-to-try-in-canada?utm_source=chatgpt.com,https://www.amazon.com/NESCAFE-Espresso-Instant-Coffee-Canada/dp/B08QXPG7ZH?utm_source=chatgpt.com,https://www.thespruceeats.com/best-instant-coffee-4690937?utm_source=chatgpt.com,https://www.myccr.com/phpBB3_PROD/viewtopic.php?f=23&t=50279&utm_source=chatgpt.com,https://www.reddit.com/r/pourover/comments/1dw4cnz/specialty_roasters_who_make_instant_coffee/?utm_source=chatgpt.com,,https://www.reddit.com/r/Coffee/comments/9w14a3/canada_what_is_the_best_instant_coffee/?utm_source=chatgpt.com,https://www.home-barista.com/coffees/best-instant-coffee-t82715-30.html?utm_source=chatgpt.com,,
2025-04-28 22:18:56,9,what's the best instant coffee in canada? Include all source sites that influenced each recommendation,Starbucks VIA Instant Coffee Medium Roast Packets Pike Place,https://www.dropmocha.ca/post/top-7-instant-coffee-brands-you-need-to-try-in-canada?utm_source=chatgpt.com,https://www.thespruceeats.com/best-instant-coffee-4690937?utm_source=chatgpt.com,https://www.allrecipes.com/longform/best-instant-coffee/?utm_source=chatgpt.com,https://www.businessinsider.com/best-instant-coffee-at-grocery-store-taste-test-barista?utm_source=chatgpt.com,https://www.home-barista.com/coffees/best-instant-coffee-t82715-30.html?utm_source=chatgpt.com,https://www.amazon.com/NESCAFE-Espresso-Instant-Coffee-Canada/dp/B08QXPG7ZH?utm_source=chatgpt.com,https://www.seriouseats.com/best-instant-coffee-7506045?utm_source=chatgpt.com,https://www.myccr.com/phpBB3_PROD/viewtopic.php?f=23&t=50279&utm_source=chatgpt.com,,
2025-04-28 22:19:01,9,what's the best instant coffee in canada? Include all source sites that influenced each recommendation,Mount Hagen Organic Instant Coffee,https://www.dropmocha.ca/post/top-7-instant-coffee-brands-you-need-to-try-in-canada?utm_source=chatgpt.com,https://www.wired.com/gallery/best-instant-coffee/?utm_source=chatgpt.com,https://www.narcity.com/instant-coffee-comparison-canada?utm_source=chatgpt.com,,,,,,,
2025-04-28 22:19:06,9,what's the best instant coffee in canada? Include all source sites that influenced each recommendation,Tim Hortons Instant Coffee Medium,https://www.dropmocha.ca/post/top-7-instant-coffee-brands-you-need-to-try-in-canada?utm_source=chatgpt.com,https://www.myccr.com/phpBB3_PROD/viewtopic.php?f=23&t=50279&utm_source=chatgpt.com,https://www.narcity.com/instant-coffee-comparison-canada?utm_source=chatgpt.com,https://www.reddit.com/r/Coffee/comments/9w14a3/canada_what_is_the_best_instant_coffee/?utm_source=chatgpt.com,,,,,,
2025-04-28 22:19:10,9,what's the best instant coffee in canada? Include all source sites that influenced each recommendation,Blue Bottle Craft Instant Espresso Multiserve,https://www.simplyrecipes.com/best-instant-coffee-baristas-8695480?utm_source=chatgpt.com,https://www.bonappetit.com/story/blue-bottle-instant-coffee?utm_source=chatgpt.com,https://www.dropmocha.ca/post/top-7-instant-coffee-brands-you-need-to-try-in-canada?utm_source=chatgpt.com,,,,,,,
2025-04-29 13:44:17,10,what's the best instant coffee in canada? Include all source sites that influenced each recommendation under each of them,Nescafé Gold Espresso Instant Coffee,https://www.dropmocha.ca/post/top-7-instant-coffee-brands-you-need-to-try-in-canada?utm_source=chatgpt.com,https://www.amazon.com/NESCAFE-Espresso-Instant-Coffee-Canada/dp/B08QXPG7ZH?utm_source=chatgpt.com,https://www.thespruceeats.com/best-instant-coffee-4690937?utm_source=chatgpt.com,,,,,,,
2025-04-29 13:44:21,10,what's the best instant coffee in canada? Include all source sites that influenced each recommendation under each of them,Starbucks VIA Instant Coffee – Pike Place Roast,https://www.dropmocha.ca/post/top-7-instant-coffee-brands-you-need-to-try-in-canada?utm_source=chatgpt.com,https://www.amazon.com/NESCAFE-Espresso-Instant-Coffee-Canada/dp/B08QXPG7ZH?utm_source=chatgpt.com,https://www.wired.com/gallery/best-instant-coffee/?utm_source=chatgpt.com,https://www.thespruceeats.com/best-instant-coffee-4690937?utm_source=chatgpt.com,https://www.narcity.com/instant-coffee-comparison-canada?utm_source=chatgpt.com,https://www.allrecipes.com/longform/best-instant-coffee/?utm_source=chatgpt.com,,,,
2025-04-29 13:44:26,10,what's the best instant coffee in canada? Include all source sites that influenced each recommendation under each of them,Mount Hagen Organic Instant Coffee,https://www.dropmocha.ca/post/top-7-instant-coffee-brands-you-need-to-try-in-canada?utm_source=chatgpt.com,https://www.thespruceeats.com/best-instant-coffee-4690937?utm_source=chatgpt.com,https://www.amazon.com/NESCAFE-Espresso-Instant-Coffee-Canada/dp/B08QXPG7ZH?utm_source=chatgpt.com,https://www.seriouseats.com/best-instant-coffee-7506045?utm_source=chatgpt.com,https://www.bonappetit.com/story/blue-bottle-instant-coffee?utm_source=chatgpt.com,https://www.allrecipes.com/longform/best-instant-coffee/?utm_source=chatgpt.com,,,,
2025-04-29 13:44:31,10,what's the best instant coffee in canada? Include all source sites that influenced each recommendation under each of them,Blue Bottle Craft Instant Espresso,https://www.bonappetit.com/story/blue-bottle-instant-coffee?utm_source=chatgpt.com,https://www.bonappetit.com/story/best-instant-coffee?srsltid=AfmBOoq21imACn2Xj873U4PAc_3DecskA4rl7zqjiZvGyV-mgh_IvSeh&utm_source=chatgpt.com,https://www.eater.com/coffee-tea/24265732/best-instant-coffees-tested-review-decaf-regular-commetteer-swift?utm_source=chatgpt.com,https://www.businessinsider.com/best-instant-coffee-at-grocery-store-taste-test-barista?utm_source=chatgpt.com,https://www.wired.com/gallery/best-instant-coffee/?utm_source=chatgpt.com,https://www.simplyrecipes.com/best-instant-coffee-baristas-8695480?utm_source=chatgpt.com,,,,
2025-04-29 13:44:34,10,what's the best instant coffee in canada? Include all source sites that influenced each recommendation under each of them,Tim Hortons Premium Instant Coffee,https://www.dropmocha.ca/post/top-7-instant-coffee-brands-you-need-to-try-in-canada?utm_source=chatgpt.com,https://joleenavalos.blogspot.com/2022/03/best-instant-coffee-brands-in-canada.html?utm_source=chatgpt.com,https://www.narcity.com/instant-coffee-comparison-canada?utm_source=chatgpt.com,,,,,,,