Timestamp,Run,Prompt,Product Name,URL1,URL2,URL3,URL4,URL5,URL6,URL7,URL8
2025-04-30 13:57:51,1,What is the best instant coffee for flavor in Canada?,Starbucks VIA Instant Coffee – Pike Place Roast,https://www.delish.com/kitchen-tools/g40275284/best-instant-coffees/?utm_source=chatgpt.com,https://www.allrecipes.com/longform/best-instant-coffee/?utm_source=chatgpt.com,https://www.bonappetit.com/story/best-instant-coffee?srsltid=AfmBOooXS_Pvk5uNbEZOPqtrtCM1Ak3vLuE-dUTt6lrFkq3bMYaBo32n&utm_source=chatgpt.com,,,,,
2025-04-27 20:38:51,1,What is the best instant coffee for flavor in Canada?,Mount Hagen Organic Instant Coffee,https://www.delish.com/kitchen-tools/g40275284/best-instant-coffees/?utm_source=chatgpt.com,https://www.bonappetit.com/story/best-instant-coffee?srsltid=AfmBOooXS_Pvk5uNbEZOPqtrtCM1Ak3vLuE-dUTt6lrFkq3bMYaBo32n&utm_source=chatgpt.com,,,,,,
2025-04-27 20:38:57,1,What is the best instant coffee for flavor in Canada?,Just Us! Organic Instant Coffee,https://justuscoffee.com/collections/favourites/products/organic-instant-coffee-canada?utm_source=chatgpt.com,,,,,,,
2025-04-27 20:39:02,1,What is the best instant coffee for flavor in Canada?,Nescafé Gold Espresso Instant Coffee,https://www.amazon.com/NESCAFE-Espresso-Instant-Coffee-Canada/dp/B07ZJM4LPQ?utm_source=chatgpt.com&th=1,,,,,,,
2025-04-27 20:39:05,1,What is the best instant coffee for flavor in Canada?,Tim Hortons Premium Instant Coffee,https://www.narcity.com/instant-coffee-comparison-canada?utm_source=chatgpt.com,,,,,,,
2025-04-27 20:56:49,2,What is the best instant coffee for flavor in Canada?,Starbucks VIA Instant Coffee – Pike Place Roast,https://www.allrecipes.com/longform/best-instant-coffee/?utm_source=chatgpt.com,,,,,,,
2025-04-27 20:56:59,2,What is the best instant coffee for flavor in Canada?,Nescafé Gold Espresso Instant Coffee,https://www.amazon.com/NESCAFE-Espresso-Instant-Coffee-Canada/dp/B07ZJM4LPQ?utm_source=chatgpt.com,,,,,,,
2025-04-27 20:57:03,2,What is the best instant coffee for flavor in Canada?,Mount Hagen Organic Instant Coffee,https://thecoffeeguru.net/best-organic-instant-coffee/?utm_source=chatgpt.com,https://burbro.com/best-instant-coffee-13055/?utm_source=chatgpt.com,,,,,,
2025-04-27 20:57:07,2,What is the best instant coffee for flavor in Canada?,Tim Hortons Premium Instant Coffee,https://www.narcity.com/instant-coffee-comparison-canada?utm_source=chatgpt.com,,,,,,,
2025-04-27 20:57:12,2,What is the best instant coffee for flavor in Canada?,Café Bustelo Espresso Instant Coffee,https://www.bonappetit.com/story/best-instant-coffee?srsltid=AfmBOoprK3G_J6HQhDoo9g0aIseTjq0GSKp1l3XTPaPqMbqGQFo1PYlu&utm_source=chatgpt.com,,,,,,,
2025-05-08 14:03:27,3,What is the best instant coffee for flavor in Canada?,Tim Hortons Premium Instant Coffee,https://cornercoffeestore.com/best-instant-coffees-canada/,,,,,,,
2025-04-27 21:04:21,3,What is the best instant coffee for flavor in Canada?,Maxwell House Original Roast,https://cornercoffeestore.com/best-instant-coffees-canada/,,,,,,,
2025-04-27 21:04:25,3,What is the best instant coffee for flavor in Canada?,Starbucks VIA Instant True North Blend,https://cornercoffeestore.com/best-instant-coffees-canada/,,,,,,,
2025-04-27 21:04:30,3,What is the best instant coffee for flavor in Canada?,Nescafé Gold Espresso Instant Coffee,https://cornercoffeestore.com/best-instant-coffees-canada/,,,,,,,
2025-04-27 21:04:43,3,What is the best instant coffee for flavor in Canada?,Mount Hagen Organic Instant Coffee,https://www.tastingtable.com/1755382/instant-coffee-brands-ranked-worst-best/,,,,,,,
2025-04-27 21:06:46,4,What is the best instant coffee for flavor in Canada?,Starbucks VIA Instant Coffee – Pike Place Roast,https://www.allrecipes.com/longform/best-instant-coffee/?utm_source=chatgpt.com,https://www.delish.com/kitchen-tools/g40275284/best-instant-coffees/?utm_source=chatgpt.com,,,,,,
2025-04-27 21:06:52,4,What is the best instant coffee for flavor in Canada?,Mount Hagen Organic Instant Coffee,https://thecoffeeguru.net/best-organic-instant-coffee/?utm_source=chatgpt.com,,,,,,,
2025-04-27 21:06:59,4,What is the best instant coffee for flavor in Canada?,Tim Hortons Premium Instant Coffee,https://www.narcity.com/instant-coffee-comparison-canada?utm_source=chatgpt.com,,,,,,,
2025-04-27 21:07:01,4,What is the best instant coffee for flavor in Canada?,Nescafé Gold Espresso Instant Coffee,https://cornercoffeestore.com/best-instant-coffees-canada/,,,,,,,
2025-04-27 21:07:12,4,What is the best instant coffee for flavor in Canada?,Juan Valdez Instant Coffee,https://www.thekitchn.com/best-instant-coffee-23632498?utm_source=chatgpt.com,,,,,,,
2025-04-27 21:13:58,5,What is the best instant coffee for flavor in Canada?,Starbucks VIA Instant Coffee – Pike Place Roast,https://www.allrecipes.com/longform/best-instant-coffee/?utm_source=chatgpt.com,https://www.delish.com/kitchen-tools/g40275284/best-instant-coffees/?utm_source=chatgpt.com,,,,,,
2025-04-27 21:14:03,5,What is the best instant coffee for flavor in Canada?,Mount Hagen Organic Instant Coffee,https://www.thespruceeats.com/best-instant-coffee-4690937?utm_source=chatgpt.com,,,,,,,
2025-04-27 21:14:07,5,What is the best instant coffee for flavor in Canada?,Nescafé Gold Espresso Instant Coffee,https://www.amazon.com/NESCAFE-Espresso-Instant-Coffee-Canada/dp/B07ZJM4LPQ?utm_source=chatgpt.com&th=1,,,,,,,
2025-04-27 21:14:13,5,What is the best instant coffee for flavor in Canada?,Just Us! Organic Instant Coffee,https://justuscoffee.com/products/organic-instant-coffee-canada?utm_source=chatgpt.com,,,,,,,
2025-04-27 21:14:14,5,What is the best instant coffee for flavor in Canada?,Juan Valdez Instant Coffee,https://www.reddit.com/r/Calgary/comments/16papxl/better_instant_coffee/?utm_source=chatgpt.com,,,,,,,
2025-04-30 13:58:08,6,What is the best instant coffee for flavor in Canada?,Starbucks VIA Instant Coffee – Pike Place Roast,https://www.delish.com/kitchen-tools/g40275284/best-instant-coffees/?utm_source=chatgpt.com,https://www.allrecipes.com/longform/best-instant-coffee/?utm_source=chatgpt.com,,,,,,
2025-04-27 21:17:54,6,What is the best instant coffee for flavor in Canada?,Mount Hagen Organic Instant Coffee,https://cornercoffeestore.com/best-instant-coffee/?utm_source=chatgpt.com,,,,,,,
2025-04-27 21:18:00,6,What is the best instant coffee for flavor in Canada?,Just Us! Organic Instant Coffee,https://justuscoffee.com/products/organic-instant-coffee-canada?utm_source=chatgpt.com,,,,,,,
2025-04-27 21:18:03,6,What is the best instant coffee for flavor in Canada?,Nescafé Gold Espresso Instant Coffee,https://www.amazon.com/NESCAFE-Espresso-Instant-Coffee-Canada/dp/B07ZJM4LPQ?utm_source=chatgpt.com&th=1,,,,,,,
2025-05-08 14:03:29,6,What is the best instant coffee for flavor in Canada?,Tim Hortons Premium Instant Coffee,https://www.bonappetit.com/story/best-instant-coffee?srsltid=AfmBOorr67_CdgraK5Pl9nqxeNcG7tpB9PIMPm3w-aN4AWFMCvaoCvXo&utm_source=chatgpt.com,,,,,,,
2025-04-27 21:23:05,7,What is the best instant coffee for flavor in Canada?,Starbucks VIA Instant Coffee – Pike Place Roast,https://www.allrecipes.com/longform/best-instant-coffee/?utm_source=chatgpt.com,,,,,,,
2025-04-27 21:23:12,7,What is the best instant coffee for flavor in Canada?,Nescafé Gold Espresso Instant Coffee,https://www.amazon.com/NESCAFE-Espresso-Instant-Coffee-Canada/dp/B07ZJM4LPQ?utm_source=chatgpt.com,,,,,,,
2025-04-27 21:23:17,7,What is the best instant coffee for flavor in Canada?,Mount Hagen Organic Instant Coffee,https://thecoffeeguru.net/best-organic-instant-coffee/?utm_source=chatgpt.com,,,,,,,
2025-04-27 21:23:22,7,What is the best instant coffee for flavor in Canada?,Just Us! Organic Instant Coffee,https://justuscoffee.com/products/organic-instant-coffee-canada?utm_source=chatgpt.com,,,,,,,
2025-04-27 21:23:24,7,What is the best instant coffee for flavor in Canada?,Juan Valdez Instant Coffee,https://www.reddit.com/r/Calgary/comments/16papxl/better_instant_coffee/?utm_source=chatgpt.com,,,,,,,
2025-04-27 21:48:49,8,What is the best instant coffee for flavor in Canada?,Starbucks VIA Instant Coffee – Pike Place Roast,https://www.allrecipes.com/longform/best-instant-coffee/?utm_source=chatgpt.com,,,,,,,
2025-04-27 21:48:54,8,What is the best instant coffee for flavor in Canada?,Nescafé Gold Espresso Instant Coffee,https://www.wired.com/gallery/best-instant-coffee/?utm_source=chatgpt.com,,,,,,,
2025-04-27 21:49:00,8,What is the best instant coffee for flavor in Canada?,Mount Hagen Organic Instant Coffee,https://thecoffeeguru.net/best-organic-instant-coffee/?utm_source=chatgpt.com,,,,,,,
2025-04-27 21:49:03,8,What is the best instant coffee for flavor in Canada?,Intelligentsia Instant Coffee – House Blend,https://www.seriouseats.com/best-instant-coffee-7506045?utm_source=chatgpt.com,,,,,,,
2025-04-27 21:49:05,8,What is the best instant coffee for flavor in Canada?,Colcafé Classic Instant Coffee,https://www.wired.com/gallery/best-instant-coffee/?utm_source=chatgpt.com,https://www.insidermonkey.com/blog/15-best-instant-coffees-of-2024-1329790/?utm_source=chatgpt.com,,,,,,
2025-04-30 13:58:19,9,What is the best instant coffee for flavor in Canada?,Starbucks VIA Instant Coffee – Pike Place Roast,https://www.allrecipes.com/longform/best-instant-coffee/?utm_source=chatgpt.com,,,,,,,
2025-04-27 21:58:56,9,What is the best instant coffee for flavor in Canada?,Nescafé Taster’s Choice Classic,https://www.myccr.com/phpBB3_PROD/viewtopic.php?f=23&t=50279&utm_source=chatgpt.com,,,,,,,
2025-04-27 21:59:00,9,What is the best instant coffee for flavor in Canada?,Mount Hagen Organic Instant Coffee,https://coffeenatics.com/coffee/best-instant-decaf-coffee/?utm_source=chatgpt.com,,,,,,,
2025-04-27 21:59:04,9,What is the best instant coffee for flavor in Canada?,Just Us! Organic Instant Coffee,https://justuscoffee.com/products/organic-instant-coffee-canada?utm_source=chatgpt.com,,,,,,,
2025-04-27 21:59:10,9,What is the best instant coffee for flavor in Canada?,Nescafé Gold Espresso Instant Coffee,https://www.reddit.com/r/Calgary/comments/16papxl/better_instant_coffee/?utm_source=chatgpt.com,,,,,,,
2025-04-27 21:59:12,9,What is the best instant coffee for flavor in Canada?,Tim Hortons Premium Instant Coffee,https://www.narcity.com/instant-coffee-comparison-canada?utm_source=chatgpt.com,,,,,,,
2025-04-27 23:40:03,10,What is the best instant coffee for flavor in Canada? Include all ranking sources that contributed to the recommendation.,Mount Hagen Organic Instant Coffee,https://cornercoffeestore.com/best-instant-coffee/?utm_source=chatgpt.com,,,,,,,
2025-04-30 13:58:23,10,What is the best instant coffee for flavor in Canada? Include all ranking sources that contributed to the recommendation.,Starbucks VIA Instant Coffee – Pike Place Roast,https://www.allrecipes.com/longform/best-instant-coffee/?utm_source=chatgpt.com,https://sporked.com/article/best-instant-coffee/?utm_source=chatgpt.com,,,,,,
2025-05-08 14:07:29,10,What is the best instant coffee for flavor in Canada? Include all ranking sources that contributed to the recommendation.,Intelligentsia Instant Coffee – House Blend,https://www.seriouseats.com/best-instant-coffee-7506045?utm_source=chatgpt.com,https://www.eater.com/coffee-tea/24265732/best-instant-coffees-tested-review-decaf-regular-cometeer-swift?utm_source=chatgpt.com,,,,,,
2025-05-08 14:03:30,10,What is the best instant coffee for flavor in Canada? Include all ranking sources that contributed to the recommendation.,Tim Hortons Premium Instant Coffee,https://www.narcity.com/instant-coffee-comparison-canada?utm_source=chatgpt.com,https://coffeenatics.com/coffee/best-instant-decaf-coffee/?utm_source=chatgpt.com,https://cornercoffeestore.com/best-instant-coffees-canada/?utm_source=chatgpt.com,,,,,
2025-04-27 23:40:22,10,What is the best instant coffee for flavor in Canada? Include all ranking sources that contributed to the recommendation.,WAKA Arabica Instant Coffee,https://cornercoffeestore.com/best-instant-coffee/?utm_source=chatgpt.com,,,,,,,
2025-04-28 00:02:50,11,What is the best instant coffee for flavor in Canada? Include all ranking sources that contributed to the recommendation.,Starbucks VIA Instant Coffee – Pike Place Roast,https://www.allrecipes.com/longform/best-instant-coffee/?utm_source=chatgpt.com,,,,,,,
2025-04-28 00:02:55,11,What is the best instant coffee for flavor in Canada? Include all ranking sources that contributed to the recommendation.,Mount Hagen Organic Instant Coffee,https://cornercoffeestore.com/best-instant-coffee/?utm_source=chatgpt.com,,,,,,,
2025-05-08 14:03:31,11,What is the best instant coffee for flavor in Canada? Include all ranking sources that contributed to the recommendation.,Tim Hortons Premium Instant Coffee,https://coffeeaffection.com/best-instant-coffees-canada/?utm_source=chatgpt.com,,,,,,,
2025-04-28 00:03:03,11,What is the best instant coffee for flavor in Canada? Include all ranking sources that contributed to the recommendation.,Nescafé Taster’s Choice Classic,https://www.narcity.com/instant-coffee-comparison-canada?utm_source=chatgpt.com,,,,,,,
2025-04-28 00:03:22,11,What is the best instant coffee for flavor in Canada? Include all ranking sources that contributed to the recommendation.,Blue Bottle Craft Instant Coffee,https://www.bonappetit.com/story/best-instant-coffee?utm_source=chatgpt.com,,,,,,,
2025-05-08 14:03:33,12,What is the best instant coffee for flavor in Canada? Include all ranking sources that contributed to the recommendation.,Tim Hortons Premium Instant Coffee,https://cornercoffeestore.com/best-instant-coffees-canada/?utm_source=chatgpt.com,,,,,,,
2025-04-28 14:48:37,12,What is the best instant coffee for flavor in Canada? Include all ranking sources that contributed to the recommendation.,Starbucks VIA Instant True North Blend,https://cornercoffeestore.com/best-instant-coffees-canada/?utm_source=chatgpt.com,,,,,,,
2025-04-28 14:48:40,12,What is the best instant coffee for flavor in Canada? Include all ranking sources that contributed to the recommendation.,Nescafé Gold Espresso Instant Coffee,https://cornercoffeestore.com/best-instant-coffees-canada/?utm_source=chatgpt.com,,,,,,,
2025-04-28 14:48:42,12,What is the best instant coffee for flavor in Canada? Include all ranking sources that contributed to the recommendation.,Mount Hagen Organic Instant Coffee,https://www.brewcoffeehome.com/best-instant-coffee/?utm_source=chatgpt.com,,,,,,,
2025-04-28 14:48:45,12,What is the best instant coffee for flavor in Canada? Include all ranking sources that contributed to the recommendation.,Nescafé Taster’s Choice Classic,https://www.bestproductscanada.com/instant-coffee?utm_source=chatgpt.com,,,,,,,
2025-05-08 14:03:33,13,What is the best instant coffee for flavor in Canada? Include all ranking sources that contributed to the recommendation.,Tim Hortons Premium Instant Coffee,https://cornercoffeestore.com/best-instant-coffees-canada/?utm_source=chatgpt.com,,,,,,,
2025-04-28 15:09:13,13,What is the best instant coffee for flavor in Canada? Include all ranking sources that contributed to the recommendation.,Starbucks VIA Instant True North Blend,https://cornercoffeestore.com/best-instant-coffees-canada/?utm_source=chatgpt.com,,,,,,,
2025-04-28 15:16:29,13,What is the best instant coffee for flavor in Canada? Include all ranking sources that contributed to the recommendation.,Nescafé Gold Espresso Instant Coffee,https://cornercoffeestore.com/best-instant-coffees-canada/?utm_source=chatgpt.com,,,,,,,
2025-04-28 15:16:34,13,What is the best instant coffee for flavor in Canada? Include all ranking sources that contributed to the recommendation.,Mount Hagen Organic Instant Coffee,https://www.brewcoffeehome.com/best-instant-coffee/?utm_source=chatgpt.com,,,,,,,
2025-04-28 15:16:35,13,What is the best instant coffee for flavor in Canada? Include all ranking sources that contributed to the recommendation.,Nescafé Taster’s Choice Classic,https://www.bestproductscanada.com/instant-coffee?utm_source=chatgpt.com,,,,,,,
2025-04-30 13:58:41,14,What is the best instant coffee for flavor in Canada? Include all ranking sources that contributed to the recommendation.,Starbucks VIA Instant Coffee – Pike Place Roast,https://www.brewcoffeehome.com/best-instant-coffee/?utm_source=chatgpt.com,https://cornercoffeestore.com/best-instant-coffees-canada/?utm_source=chatgpt.com,https://www.delish.com/kitchen-tools/g40275284/best-instant-coffees/?utm_source=chatgpt.com,https://www.narcity.com/instant-coffee-comparison-canada?utm_source=chatgpt.com,,,,
2025-04-28 15:24:20,14,What is the best instant coffee for flavor in Canada? Include all ranking sources that contributed to the recommendation.,Mount Hagen Organic Instant Coffee,https://cornercoffeestore.com/best-instant-coffees-canada/?utm_source=chatgpt.com,https://thecoffeeguru.net/best-organic-instant-coffee/?utm_source=chatgpt.com,,,,,,
2025-04-28 15:24:27,14,What is the best instant coffee for flavor in Canada? Include all ranking sources that contributed to the recommendation.,Nescafé Taster’s Choice Classic,https://www.bestproductscanada.com/instant-brand-coffee?utm_source=chatgpt.com,https://www.narcity.com/instant-coffee-comparison-canada?utm_source=chatgpt.com,,,,,,
2025-04-28 15:24:32,14,What is the best instant coffee for flavor in Canada? Include all ranking sources that contributed to the recommendation.,Tim Hortons Premium Instant Coffee,https://cornercoffeestore.com/best-instant-coffees-canada/?utm_source=chatgpt.com,https://www.narcity.com/instant-coffee-comparison-canada?utm_source=chatgpt.com,,,,,,
2025-04-28 15:24:34,14,What is the best instant coffee for flavor in Canada? Include all ranking sources that contributed to the recommendation.,Maxwell House Original Roast,https://cornercoffeestore.com/best-instant-coffees-canada/?utm_source=chatgpt.com,,,,,,,
2025-04-28 15:49:49,15,What is the best instant coffee for flavor in Canada? Include all ranking sources that contributed to the recommendation.,Mount Hagen Organic Instant Coffee,https://morningcoffeejournal.com/best-instant-coffee-uk/?utm_source=chatgpt.com,,,,,,,
2025-04-28 15:50:03,15,What is the best instant coffee for flavor in Canada? Include all ranking sources that contributed to the recommendation.,Starbucks VIA Instant Coffee Colombia 8S,https://morningcoffeejournal.com/best-instant-coffee-uk/?utm_source=chatgpt.com,,,,,,,
2025-05-08 14:03:35,15,What is the best instant coffee for flavor in Canada? Include all ranking sources that contributed to the recommendation.,Tim Hortons Premium Instant Coffee,https://morningcoffeejournal.com/best-instant-coffee-uk/?utm_source=chatgpt.com,,,,,,,
2025-05-08 14:05:43,15,What is the best instant coffee for flavor in Canada? Include all ranking sources that contributed to the recommendation.,Nescafé Gold Espresso Instant Coffee,https://morningcoffeejournal.com/best-instant-coffee-uk/?utm_source=chatgpt.com,,,,,,,
2025-04-28 15:50:34,15,What is the best instant coffee for flavor in Canada? Include all ranking sources that contributed to the recommendation.,Blue Bottle Craft Instant Coffee,https://www.simplyrecipes.com/best-instant-coffee-baristas-8695480,,,,,,,
2025-04-28 16:16:15,16,What is the best instant coffee for flavor in Canada? Include all ranking sources that contributed to the recommendation.,Starbucks VIA Instant Coffee Colombia 8S,https://www.allrecipes.com/longform/best-instant-coffee/?utm_source=chatgpt.com,,,,,,,
2025-04-28 16:16:20,16,What is the best instant coffee for flavor in Canada? Include all ranking sources that contributed to the recommendation.,Nescafé Gold Espresso Instant Coffee,https://www.dropmocha.ca/post/savoring-convenience-the-best-instant-coffees-to-buy-in-canada?utm_source=chatgpt.com,,,,,,,
2025-04-28 16:16:24,16,What is the best instant coffee for flavor in Canada? Include all ranking sources that contributed to the recommendation.,Mount Hagen Organic Instant Coffee,https://cornercoffeestore.com/best-instant-coffee/?utm_source=chatgpt.com,,,,,,,
2025-04-28 16:16:30,16,What is the best instant coffee for flavor in Canada? Include all ranking sources that contributed to the recommendation.,Bustelo Espresso Instant Coffee,https://www.allrecipes.com/longform/best-instant-coffee/?utm_source=chatgpt.com,,,,,,,
2025-05-08 14:03:35,16,What is the best instant coffee for flavor in Canada? Include all ranking sources that contributed to the recommendation.,Tim Hortons Premium Instant Coffee,https://www.dropmocha.ca/post/savoring-convenience-the-best-instant-coffees-to-buy-in-canada?utm_source=chatgpt.com,,,,,,,
2025-04-28 16:29:15,17,What is the best instant coffee for flavor in Canada? Include all ranking sources that contributed to the recommendation.,Starbucks VIA Instant Coffee – Pike Place Roast,https://www.allrecipes.com/longform/best-instant-coffee/?utm_source=chatgpt.com,,,,,,,
2025-04-28 16:29:18,17,What is the best instant coffee for flavor in Canada? Include all ranking sources that contributed to the recommendation.,Mount Hagen Organic Instant Coffee,https://cornercoffeestore.com/best-instant-coffee/?utm_source=chatgpt.com,https://thecoffeeguru.net/best-organic-instant-coffee/?utm_source=chatgpt.com,,,,,,
2025-05-08 14:05:26,17,What is the best instant coffee for flavor in Canada? Include all ranking sources that contributed to the recommendation.,Nescafé Taster’s Choice Classic,https://www.narcity.com/instant-coffee-comparison-canada?utm_source=chatgpt.com,,,,,,,
2025-05-08 14:03:36,17,What is the best instant coffee for flavor in Canada? Include all ranking sources that contributed to the recommendation.,Tim Hortons Premium Instant Coffee,https://www.narcity.com/instant-coffee-comparison-canada?utm_source=chatgpt.com,,,,,,,
2025-04-28 16:29:32,17,What is the best instant coffee for flavor in Canada? Include all ranking sources that contributed to the recommendation.,Blue Bottle Craft Instant Coffee,https://www.simplyrecipes.com/best-instant-coffee-baristas-8695480?utm_source=chatgpt.com,,,,,,,
2025-04-28 16:29:51,17,What is the best instant coffee for flavor in Canada? Include all ranking sources that contributed to the recommendation.,"Saturnbird Super Instant Cold Brew Coffee Americano, 80% Deep Roast",https://www.bonappetit.com/story/best-instant-coffee?utm_source=chatgpt.com,,,,,,,
2025-04-29 14:22:13,18,What is the best instant coffee for flavor in Canada? Include all ranking sources that contributed to the recommendation.,Starbucks VIA Instant Coffee Colombia 8S,https://www.eater.com/coffee-tea/24265732/best-instant-coffees-tested-review-decaf-regular-cometteer-swift?utm_source=chatgpt.com,,,,,,,
2025-04-29 14:22:18,18,What is the best instant coffee for flavor in Canada? Include all ranking sources that contributed to the recommendation.,Mount Hagen Organic Instant Coffee,https://thecoffeeguru.net/best-organic-instant-coffee/?utm_source=chatgpt.com,,,,,,,
2025-04-29 14:22:23,18,What is the best instant coffee for flavor in Canada? Include all ranking sources that contributed to the recommendation.,Blue Bottle Craft Instant Coffee,https://www.simplyrecipes.com/best-instant-coffee-baristas-8695480?utm_source=chatgpt.com,,,,,,,
2025-04-30 13:59:51,18,What is the best instant coffee for flavor in Canada? Include all ranking sources that contributed to the recommendation.,Nescafé Taster’s Choice Classic,https://www.narcity.com/instant-coffee-comparison-canada?utm_source=chatgpt.com,,,,,,,
2025-04-29 14:22:34,18,What is the best instant coffee for flavor in Canada? Include all ranking sources that contributed to the recommendation.,Pilot Coffee Roasters Heritage Instant Coffee,https://www.reddit.com/r/BuyCanadian/comments/1ilpd72/best_grocery_store_instant_coffee_brand_made_in/?utm_source=chatgpt.com,,,,,,,
2025-04-29 14:47:26,19,Best organic instant coffee brands? Include all ranking sources that contributed to the recommendation.,Mount Hagen Organic Instant Coffee,https://www.thespruceeats.com/best-coffee-brands-4845263?utm_source=chatgpt.com,,,,,,,
2025-04-29 14:47:38,19,Best organic instant coffee brands? Include all ranking sources that contributed to the recommendation.,Just Us! Organic Instant Coffee,https://www.reddit.com/r/BuyCanadian/comments/1jodbky/canadian_made_instant_coffee/?utm_source=chatgpt.com,https://justuscoffee.com/products/organic-instant-coffee-canada?utm_source=chatgpt.com,,,,,,
2025-04-29 14:47:49,19,Best organic instant coffee brands? Include all ranking sources that contributed to the recommendation.,Flash Fuel Organic Instant Coffee by Canadian Heritage Roasting Co.,https://canadianheritageroastingco.com/products/flash-fuel-organic-instant-coffee?srsltid=AfmBOoqxO4u-yBfESeU6jxDpAYvaTW0F28TDcki8yTKzoFj4lk559DGh&utm_source=chatgpt.com,,,,,,,
2025-04-29 14:47:54,19,Best organic instant coffee brands? Include all ranking sources that contributed to the recommendation.,Four Sigmatic Organic Mushroom Coffee,https://www.vogue.com/article/best-mushroom-coffee?utm_source=chatgpt.com,,,,,,,
2025-04-29 14:48:28,19,Best organic instant coffee brands? Include all ranking sources that contributed to the recommendation.,Native Organic Instant Coffee,https://goodnessme.ca/products/native-freeze-dried-coffee-90g?srsltid=AfmBOopv4tsqgvAQqNXRXeO4QoJ4AonV3iaS6W_Qn0s54A6g7a7J2DOR&utm_source=chatgpt.com,,,,,,,
2025-04-29 15:34:24,20,Best organic instant coffee brands? Include all ranking sources that contributed to the recommendation.,Mount Hagen Organic Instant Coffee,https://www.chowhound.com/1816542/best-instant-coffee-brands/?utm_source=chatgpt.com,,,,,,,
2025-04-29 15:34:28,20,Best organic instant coffee brands? Include all ranking sources that contributed to the recommendation.,Four Sigmatic Organic Mushroom Coffee,https://vincent-michael.com/organic-instant-coffee?utm_source=chatgpt.com,https://www.vogue.com/article/best-mushroom-coffee?utm_source=chatgpt.com,,,,,,
2025-04-29 15:34:32,20,Best organic instant coffee brands? Include all ranking sources that contributed to the recommendation.,Anthony’s Organic Instant Coffee,https://www.outdoorlife.com/gear/best-instant-coffee-for-backpacking/,,,,,,,
2025-04-29 15:34:36,20,Best organic instant coffee brands? Include all ranking sources that contributed to the recommendation.,Café Altura Organic Instant Coffee,https://vincent-michael.com/organic-instant-coffee?utm_source=chatgpt.com,https://www.thespruceeats.com/best-instant-coffee-4690937?utm_source=chatgpt.com,,,,,,
2025-04-29 15:34:38,20,Best organic instant coffee brands? Include all ranking sources that contributed to the recommendation.,Nature’s Cuppa Organic Instant Coffee,https://www.theguardian.com/food/2024/apr/10/best-instant-coffee-brands-supermarket-taste-test-australia?utm_source=chatgpt.com,,,,,,,
2025-04-29 18:10:09,21,Best organic instant coffee brands? Include all ranking sources that contributed to the recommendation.,Mount Hagen Organic Instant Coffee,https://thecoffeeguru.net/best-organic-instant-coffee-2023-comprehensive-buyers-guide/?utm_source=chatgpt.com,https://www.thespruceeats.com/best-coffee-brands-4845263?utm_source=chatgpt.com,,,,,,
2025-04-29 18:10:13,21,Best organic instant coffee brands? Include all ranking sources that contributed to the recommendation.,Four Sigmatic Organic Mushroom Coffee,https://www.vogue.com/article/best-mushroom-coffee?utm_source=chatgpt.com,https://www.bonappetit.com/story/best-instant-coffee?srsltid=AfmBOooGCvFKvbcCuvakiXUCxaqaE7RaRsMaicztWEjBJ56l66W8z5nG&utm_source=chatgpt.com,,,,,,
2025-04-29 18:10:23,21,Best organic instant coffee brands? Include all ranking sources that contributed to the recommendation.,Café Altura Organic Instant Coffee,https://vincent-michael.com/organic-instant-coffee?utm_source=chatgpt.com,,,,,,,
2025-05-08 14:06:02,21,Best organic instant coffee brands? Include all ranking sources that contributed to the recommendation.,Anthony’s Organic Instant Coffee,https://vincent-michael.com/organic-instant-coffee?utm_source=chatgpt.com,,,,,,,
2025-04-29 18:10:37,21,Best organic instant coffee brands? Include all ranking sources that contributed to the recommendation.,Waka Coffee Organic Instant Coffee,https://vincent-michael.com/organic-instant-coffee?utm_source=chatgpt.com,,,,,,,
2025-04-29 18:16:54,22,Best organic instant coffee brands? Include all ranking sources that contributed to the recommendation.,Mount Hagen Organic Instant Coffee,https://www.bonappetit.com/story/best-mushroom-coffee?utm_source=chatgpt.com,https://thecoffeeguru.net/best-organic-instant-coffee-2023-comprehensive-buyers-guide/?utm_source=chatgpt.com,https://www.thespruceeats.com/best-instant-coffee-4690937?utm_source=chatgpt.com,,,,,
2025-04-29 18:17:02,22,Best organic instant coffee brands? Include all ranking sources that contributed to the recommendation.,Four Sigmatic Organic Mushroom Coffee,https://www.vogue.com/article/best-mushroom-coffee?utm_source=chatgpt.com,https://www.bonappetit.com/story/best-mushroom-coffee?utm_source=chatgpt.com,,,,,,
2025-04-29 18:17:06,22,Best organic instant coffee brands? Include all ranking sources that contributed to the recommendation.,Café Altura Organic Instant Coffee,https://www.reddit.com/r/pourover/comments/1dw4cnz/specialty_roasters_who_make_instant_coffee/?utm_source=chatgpt.com,https://www.thespruceeats.com/best-instant-coffee-4690937?utm_source=chatgpt.com,,,,,,
2025-05-08 14:06:02,22,Best organic instant coffee brands? Include all ranking sources that contributed to the recommendation.,Anthony’s Organic Instant Coffee,https://vincent-michael.com/organic-instant-coffee?utm_source=chatgpt.com,,,,,,,
2025-04-29 18:17:13,22,Best organic instant coffee brands? Include all ranking sources that contributed to the recommendation.,Just Us! Organic Instant Coffee,https://www.reddit.com/r/BuyCanadian/comments/1jodbky/canadian_made_instant_coffee/?utm_source=chatgpt.com,,,,,,,
2025-04-29 18:21:15,23,Best organic instant coffee brands? Include all ranking sources that contributed to the recommendation.,Mount Hagen Organic Instant Coffee,https://www.thespruceeats.com/best-coffee-brands-4845263?utm_source=chatgpt.com,,,,,,,
2025-04-29 18:21:15,23,Best organic instant coffee brands? Include all ranking sources that contributed to the recommendation.,Four Sigmatic Organic Mushroom Coffee,https://www.bonappetit.com/story/best-mushroom-coffee?utm_source=chatgpt.com,https://www.eatingwell.com/best-mushroom-coffees-8701452?utm_source=chatgpt.com,,,,,,
2025-04-29 18:21:27,23,Best organic instant coffee brands? Include all ranking sources that contributed to the recommendation.,Café Altura Organic Instant Coffee,https://www.thekitchn.com/best-instant-coffee-23632498?utm_source=chatgpt.com,https://vincent-michael.com/organic-instant-coffee?utm_source=chatgpt.com,,,,,,
2025-05-08 14:06:03,23,Best organic instant coffee brands? Include all ranking sources that contributed to the recommendation.,Anthony’s Organic Instant Coffee,https://vincent-michael.com/organic-instant-coffee?utm_source=chatgpt.com,https://www.tastingtable.com/1755382/instant-coffee-brands-ranked-worst-best/?utm_source=chatgpt.com,,,,,,
2025-04-29 18:21:34,23,Best organic instant coffee brands? Include all ranking sources that contributed to the recommendation.,Waka Coffee Organic Instant Coffee,https://vincent-michael.com/organic-instant-coffee?utm_source=chatgpt.com,,,,,,,
2025-04-29 18:30:18,24,Best organic instant coffee brands? Include all ranking sources that contributed to the recommendation.,Mount Hagen Organic Instant Coffee,https://www.thespruceeats.com/best-coffee-brands-4845263?utm_source=chatgpt.com,,,,,,,
2025-04-29 18:30:22,24,Best organic instant coffee brands? Include all ranking sources that contributed to the recommendation.,Café Altura Organic Instant Coffee,https://vincent-michael.com/organic-instant-coffee?utm_source=chatgpt.com,,,,,,,
2025-05-08 14:06:04,24,Best organic instant coffee brands? Include all ranking sources that contributed to the recommendation.,Anthony’s Organic Instant Coffee,https://www.tastingtable.com/1755382/instant-coffee-brands-ranked-worst-best/?utm_source=chatgpt.com,,,,,,,
2025-04-29 18:30:30,24,Best organic instant coffee brands? Include all ranking sources that contributed to the recommendation.,Four Sigmatic Organic Mushroom Coffee,https://www.bonappetit.com/story/best-mushroom-coffee?utm_source=chatgpt.com,,,,,,,
2025-05-08 12:51:06,25,Best organic instant coffee brands? Include all ranking sources that contributed to the recommendation.,Mount Hagen Organic Instant Coffee,https://vincent-michael.com/organic-instant-coffee?utm_source=chatgpt.com,https://www.chowhound.com/1816542/best-instant-coffee-brands/?utm_source=chatgpt.com,https://www.thespruceeats.com/best-instant-coffee-4690937?utm_source=chatgpt.com,,,,,
2025-05-08 12:51:15,25,Best organic instant coffee brands? Include all ranking sources that contributed to the recommendation.,Four Sigmatic Organic Mushroom Coffee,https://www.vogue.com/article/best-mushroom-coffee?utm_source=chatgpt.com,https://www.thespruceeats.com/best-instant-coffee-4690937?utm_source=chatgpt.com,,,,,,
2025-05-08 12:51:20,25,Best organic instant coffee brands? Include all ranking sources that contributed to the recommendation.,Café Altura Organic Instant Coffee,https://vincent-michael.com/organic-instant-coffee?utm_source=chatgpt.com,https://www.thespruceeats.com/best-instant-coffee-4690937?utm_source=chatgpt.com,,,,,,
2025-05-08 14:06:05,25,Best organic instant coffee brands? Include all ranking sources that contributed to the recommendation.,Anthony’s Organic Instant Coffee,https://www.outdoorlife.com/gear/best-instant-coffee-for-backpacking/?utm_source=chatgpt.com,https://vincent-michael.com/organic-instant-coffee?utm_source=chatgpt.com,,,,,,
2025-05-08 12:51:34,25,Best organic instant coffee brands? Include all ranking sources that contributed to the recommendation.,Swift Cup Instant Coffee,https://www.eater.com/coffee-tea/24265732/best-instant-coffees-tested-review-decaf-regular-cometeer-swift?utm_source=chatgpt.com,,,,,,,
2025-05-08 13:01:46,26,Best organic instant coffee brands? Include all ranking sources that contributed to the recommendation.,Mount Hagen Organic Instant Coffee,https://www.thespruceeats.com/best-instant-coffee-4690937?utm_source=chatgpt.com,https://www.chowhound.com/1816542/best-instant-coffee-brands/?utm_source=chatgpt.com,,,,,,
2025-05-08 13:01:51,26,Best organic instant coffee brands? Include all ranking sources that contributed to the recommendation.,Four Sigmatic Organic Mushroom Coffee,https://www.thespruceeats.com/best-instant-coffee-4690937?utm_source=chatgpt.com,https://vincent-michael.com/organic-instant-coffee?utm_source=chatgpt.com,https://www.bonappetit.com/story/best-instant-coffee?srsltid=AfmBOoqoWe-Uw5rOSNTk_H6TgLVqyrOaUlxVbTZg-Pk0b0QyRAf5F98t&utm_source=chatgpt.com,,,,,
2025-05-08 13:01:55,26,Best organic instant coffee brands? Include all ranking sources that contributed to the recommendation.,Café Altura Organic Instant Coffee,https://vincent-michael.com/organic-instant-coffee?utm_source=chatgpt.com,,,,,,,
2025-05-08 13:02:01,26,Best organic instant coffee brands? Include all ranking sources that contributed to the recommendation.,Waka Coffee Organic Instant Coffee,https://vincent-michael.com/organic-instant-coffee?utm_source=chatgpt.com,,,,,,,
2025-05-08 13:02:07,26,Best organic instant coffee brands? Include all ranking sources that contributed to the recommendation.,Anthony’s Organic Instant Coffee,https://vincent-michael.com/organic-instant-coffee?utm_source=chatgpt.com,,,,,,,
2025-05-08 13:18:32,27,Best organic instant coffee brands? Include all ranking sources that contributed to the recommendation.,Mount Hagen Organic Instant Coffee,https://www.thespruceeats.com/best-instant-coffee-4690937?utm_source=chatgpt.com,https://www.chowhound.com/1816542/best-instant-coffee-brands/?utm_source=chatgpt.com,,,,,,
2025-05-08 13:18:20,27,Best organic instant coffee brands? Include all ranking sources that contributed to the recommendation.,Four Sigmatic Organic Mushroom Coffee,https://www.thespruceeats.com/best-instant-coffee-4690937?utm_source=chatgpt.com,https://vincent-michael.com/organic-instant-coffee?utm_source=chatgpt.com,,,,,,
2025-05-08 13:18:25,27,Best organic instant coffee brands? Include all ranking sources that contributed to the recommendation.,Café Altura Organic Instant Coffee,https://vincent-michael.com/organic-instant-coffee?utm_source=chatgpt.com,,,,,,,
2025-05-08 13:18:45,27,Best organic instant coffee brands? Include all ranking sources that contributed to the recommendation.,Waka Coffee Organic Instant Coffee,https://vincent-michael.com/organic-instant-coffee?utm_source=chatgpt.com,,,,,,,
2025-05-08 14:06:07,27,Best organic instant coffee brands? Include all ranking sources that contributed to the recommendation.,Anthony’s Organic Instant Coffee,https://vincent-michael.com/organic-instant-coffee?utm_source=chatgpt.com,,,,,,,